chr	start.x	end.x	X	start.y	end.y
chr5	148826243	148826742	9870	148825429	148833589
chr1	144546494	144546993	716	120176889	148791179
chr9	89179858	89180357	11942	89174170	89181010
chr22	20130973	20131934	8044	20130688	20133493
chr22	20021266	20022236	8041	20020402	20022802
chr7	149771600	149772099	11276	149771166	149774233
chr1	198158918	198159417	1036	198156155	198159772
chr8	47735156	47735655	11482	47734583	47739308
chr17	31558917	31559416	5013	31558503	31560961
chr1	121395717	121396216	704	121395524	121397588
chr1	121395717	121396216	716	120176889	148791179
chr1	121516510	121517009	716	120176889	148791179
chr1	48470043	48471000	454	48469549	48472970
chr6	81753809	81754308	10478	81749992	81754336
chr9	124658971	124659470	12093	124658046	124660958
chr20	59004831	59005330	7828	59004199	59007990
chr1	112393598	112394585	661	112393626	112394805
chrX	80807913	80808412	12506	80807246	80810900
chrX	80807913	80808412	12507	80807246	80810900
chr1	47437458	47437957	453	47437006	47438439
chr7	604307	604806	10737	604613	605370
chr17	83080221	83081155	5517	83078764	83081654
chr9	96417217	96417716	11976	96416563	96419867
chr7	65036526	65037025	10950	65036240	65036617
chr1	53326072	53326571	482	53325456	53329184
chr1	76075819	76076318	536	76074155	76076782
chr1	2585334	2585833	46	2585037	2588108
chr14	64708577	64709076	3573	64703783	64709652
chr14	64708577	64709076	3574	64703783	64709652
chrX	8729124	8729623	12288	8729376	8732682
chr3	61249919	61250418	8653	61249784	61252317
chrX	130173181	130173680	12601	130170426	130175459
chrX	130173181	130173680	12602	130170426	130175459
chr2	136119081	136119580	7217	136116286	136119785
chr16	21650485	21651368	4362	21649248	21653186
chr6	113858822	113859321	10563	113854408	113862491
chr9	121498108	121498607	12077	121497300	121501516
chr1	230003500	230004458	1193	230002272	230005731
chr1	234610834	234611333	1211	234602386	234612285
chr9	95510617	95511116	11971	95505188	95512328
chr9	95510617	95511116	11972	95505188	95512328
chr9	95510617	95511116	11973	95505188	95512328
chr10	3782854	3783353	1268	3779180	3786331
chr18	6255077	6255576	5537	6254468	6255383
chr13	80342755	80343254	3312	80335296	80343539
chr1	158180884	158181828	889	158180703	158181807
chr11	2269156	2269655	1789	2268559	2271465
chr7	114083169	114083668	11158	114082029	114089997
chr2	62197184	62198067	6941	62195022	62198676
chr14	45250160	45250659	3487	45248969	45254659
chr9	114385383	114385882	12053	114385133	114388488
chr9	35729640	35730595	11855	35727103	35733543
chr9	5627009	5627508	11772	5627185	5630828
chr16	4768479	4768978	4292	4765976	4769376
chr2	126657785	126658284	7182	126655395	126658024
chr10	104120864	104121363	1663	104120609	104122934
chr20	16574755	16575254	7608	16574501	16575755
chr3	39150861	39151719	8462	39150601	39154100
chr20	23087088	23087587	7633	23087002	23087366
chr10	114045061	114045560	1684	114042534	114049263
chr10	114045061	114045560	1685	114042534	114049263
chr10	19817529	19818028	1322	19813698	19823271
chr1	146386982	146387481	716	120176889	148791179
chr12	751139	751638	2465	749962	757290
chr11	44569123	44569622	1936	44564550	44569486
chr11	44569123	44569622	1937	44564550	44569486
chr9	21479157	21479656	11795	21478807	21481867
chr1	143877352	143877851	716	120176889	148791179
chr11	47587852	47588351	1966	47587831	47588904
chr17	51121657	51122156	5247	51118743	51122144
chr17	50148349	50148848	5232	50145734	50152703
chr6	37007446	37007945	10346	37005323	37009769
chr1	110875290	110875789	648	110872469	110877680
chr17	42678164	42678663	5127	42677618	42680677
chr1	192579267	192579766	1026	192575673	192580403
chr22	17771601	17772100	8025	17772028	17774989
chr15	38254158	38254657	3828	38250707	38258219
chr19	42129258	42129757	6344	42129165	42133679
chr1	192810118	192810617	1027	192808081	192810846
chr9	130712490	130712989	12180	130712170	130716042
chr1	20427002	20427501	161	20426011	20429503
chr17	32141169	32141668	5018	32140671	32144144
chr6	113854932	113855431	10563	113854408	113862491
chr9	114929181	114929680	12057	114927595	114931010
chr10	133235208	133235707	1743	133235391	133235962
chr18	48952484	48952983	5620	48947011	48953482
chr1	220877008	220877507	1143	220876485	220877818
chr9	16869461	16869960	11784	16868754	16872542
chr9	137223210	137223709	12254	137221074	137224302
chr21	44874412	44874911	7999	44871698	44875694
chr17	7841526	7842025	4859	7841226	7845519
chrX	120309406	120309905	12585	120308879	120311737
chr19	50431461	50431960	6545	50430985	50432823
chr11	2380965	2381464	1790	2376873	2381846
chr1	192580370	192580869	1026	192575673	192580403
chr8	16999832	17000331	11359	16999463	17002932
chr1	145960364	145960863	716	120176889	148791179
chr1	145960364	145960863	721	145963534	145960113
chr19	50724658	50725157	6549	50724146	50726179
chr19	50724658	50725157	6550	50724146	50726179
chr10	59908362	59908861	1424	59904123	59908827
chr1	154407257	154407756	828	154404592	154408970
chr1	150977230	150977729	778	150976975	150977953
chr1	18110088	18110587	149	18107056	18111443
chr16	9090343	9090842	4304	9090122	9095362
chr1	84572969	84573468	551	84572675	84575216
chr7	7568954	7569453	10799	7566368	7569981
chr17	74532118	74532617	5366	74532386	74533397
chr10	21526944	21527443	1324	21524274	21528856
chr5	180207553	180208052	10005	180205357	180209816
chr12	111406948	111407447	3005	111404735	111410346
chr16	88430608	88431107	4697	88428007	88433153
chr1	212566587	212567086	1118	212566472	212567432
chr1	149885572	149886071	750	149884150	149889266
chr18	3245965	3246464	5526	3245748	3249183
chr17	45225998	45226497	5181	45220402	45227469
chr1	143880066	143880565	716	120176889	148791179
chr9	35114798	35115297	11843	35114270	35117301
chr9	35114798	35115297	11844	35114270	35117301
chr5	36875196	36875695	9561	36873216	36879401
chr5	150410480	150410979	9880	150409214	150413015
chr17	42184014	42184513	5111	42183435	42184777
chr5	172185673	172186172	9939	172185299	172189163
chr2	16664175	16664674	6764	16661998	16666703
chr2	16664175	16664674	6765	16661998	16666703
chr17	64776772	64777271	5322	64776455	64782156
chr16	47141640	47142139	4489	47140555	47144923
chr5	150411224	150411723	9880	150409214	150413015
chr22	41444269	41444768	8246	41443750	41449467
chr5	96936589	96937088	9704	96933198	96937620
chr6	29752994	29753493	10190	29751975	29753657
chrX	136778858	136779357	12635	136777678	136781701
chr1	231529847	231530346	1202	231527811	231530071
chr5	163461490	163461989	9926	163458761	163462193
chr2	203533283	203534210	7383	203531778	203536151
chr2	203533283	203534210	7384	203531778	203536151
chr15	68819485	68819984	4010	68816437	68823063
chr19	55678106	55678605	6654	55674443	55678355
chr22	50308421	50308920	8323	50303769	50308605
chr12	40226185	40227151	2642	40223446	40227124
chr5	80257426	80257925	9672	80253091	80257991
chr9	26954062	26954561	11804	26954064	26957373
chr8	33565501	33566000	11440	33564729	33567733
chr1	40094389	40094888	369	40093457	40098065
chr9	23670367	23670866	11800	23670093	23672819
chr19	35909208	35909707	6225	35906668	35909454
chr7	105014875	105015374	11132	105009364	105018771
chr9	76395350	76395849	11910	76393006	76395830
chr4	25310413	25310912	9168	25310609	25311087
chr1	121092615	121093114	716	120176889	148791179
chr14	45251923	45252422	3487	45248969	45254659
chrX	24025233	24025732	12338	24023387	24026923
chr6	21596472	21596971	10099	21593003	21599213
chr22	17772832	17773331	8025	17772028	17774989
chr2	207164146	207164645	7391	207161214	207167710
chr22	30423824	30424323	8123	30422830	30424991
chr1	218351471	218351970	1135	218344818	218351810
chr1	218351471	218351970	1136	218344818	218351810
chr1	218351471	218351970	1137	218344818	218351810
chr7	128934752	128935251	11193	128934959	128935379
chr11	94130465	94130964	2299	94127872	94131512
chr22	36386849	36387348	8162	36384812	36388994
chr1	87335080	87335579	562	87327639	87338883
chr1	87335080	87335579	563	87327639	87338883
chr19	35267884	35268383	6207	35266803	35270566
chr7	99142293	99142792	11062	99141578	99144967
chr1	2227571	2228070	41	2226737	2235255
chr1	75784831	75785330	534	75784328	75788620
chr1	75784831	75785330	535	75784328	75788620
chr16	400782	401281	4175	400409	402627
chr7	77196141	77197118	11015	77194557	77200472
chr11	696970	697469	1766	692914	697250
chr7	106866734	106867233	11142	106864851	106867564
chr9	212173	212672	11753	212007	220097
chrX	134550806	134551305	12615	134546747	134551689
chrX	134550806	134551305	12616	134546747	134551689
chr7	5426701	5427200	10775	5417457	5430584
chr5	148831489	148831988	9870	148825429	148833589
chr3	122679032	122679531	8772	122679152	122683368
chr16	51154483	51154982	4505	51143778	51156837
chr20	62794131	62794630	7847	62793724	62797955
chr1	58781613	58782112	496	58779943	58786090
chr11	17209145	17209644	1876	17206646	17209548
chr2	101306703	101307202	7120	101305540	101309248
chr13	97223612	97224111	3322	97221304	97227619
chr16	89699980	89700479	4718	89699923	89702545
chr16	89699980	89700479	4719	89699923	89702545
chr2	156334528	156335027	7240	156330925	156335739
chr14	21072051	21072550	3386	21068580	21072410
chr1	208245106	208245605	1102	208239458	208245810
chr1	121050051	121050550	716	120176889	148791179
chrX	155027626	155028125	12689	155026234	155028251
chr7	140675217	140675716	11246	140672163	140675298
chr1	143875896	143876395	703	143876599	143876165
chr1	143875896	143876395	716	120176889	148791179
chr1	143875896	143876395	742	143876220	143876666
chr8	145001339	145001838	11748	145001820	145003954
chrX	56729992	56730491	12449	56728736	56731572
chrX	56729992	56730491	12450	56728736	56731572
chr17	78923591	78924090	5442	78922876	78926243
chr15	22839797	22840296	3786	22840545	22837350
chr15	30990447	30990946	3804	30989814	30992492
chr22	33920844	33921343	8151	33917556	33924107
chr22	33920844	33921343	8152	33917556	33924107
chr15	83063509	83064008	4092	83063626	83068048
chr19	1252830	1253329	5722	1248016	1254451
chr1	226063401	226063900	1168	226061270	226065326
chr20	62954118	62954617	7854	62953671	62954893
chr16	2721128	2721627	4251	2720610	2721786
chr2	240568146	240568645	7514	240565378	240569911
chr8	33564849	33565348	11440	33564729	33567733
chr5	95823883	95824382	9698	95817605	95824038
chr14	105317117	105318032	3777	105313504	105317336
chr14	105317117	105318032	3778	105313504	105317336
chr17	81926280	81926779	5486	81926015	81929102
chr2	144522742	144523668	7223	144510405	144525192
chr17	19980278	19980777	4948	19979777	19980838
chr12	14959355	14959854	2581	14958480	14962638
chr13	112688447	112688946	3358	112688651	112692158
chr4	15003485	15003984	9146	15001031	15008413
chr20	17965589	17966088	7613	17965291	17972336
chr19	53870414	53870913	6611	53865564	53871053
chr19	53870414	53870913	6612	53865564	53871053
chr14	20800232	20800731	3383	20799154	20803552
chr9	5451417	5451916	11770	5449680	5452164
chr22	41448331	41448830	8246	41443750	41449467
chr2	85537737	85538236	7047	85537035	85542702
chr8	11866581	11867080	11354	11862759	11869320
chr11	33893693	33894192	1916	33893856	33894919
chr10	50622032	50622531	1414	50621579	50626127
chr1	47226368	47226867	450	47224586	47232907
chr10	92590661	92591160	1560	92590906	92593735
chr5	150409691	150410190	9880	150409214	150413015
chrX	77787955	77788454	12499	77787620	77788642
chr11	108225181	108225680	2333	108220790	108227087
chr9	72362612	72363111	11904	72361271	72366412
chr6	113855943	113856442	10563	113854408	113862491
chr1	40861294	40861793	384	40860692	40863017
chr1	108560851	108561350	613	108559064	108562258
chr19	8609391	8609890	5884	8608523	8611421
chr1	111505697	111506196	657	111505580	111505901
chrX	40644905	40645404	12355	40644414	40648018
chrX	40644905	40645404	12356	40644414	40648018
chr1	183470019	183470518	1011	183470114	183473722
chrX	77911573	77912072	12502	77910100	77913590
chrX	68831974	68832473	12469	68828504	68832610
chrX	68831974	68832473	12470	68828504	68832610
chr19	50330591	50331090	6540	50324909	50334466
chr19	50330591	50331090	6541	50324909	50334466
chr10	19818148	19818647	1322	19813698	19823271
chr15	41971465	41971964	3871	41970840	41973350
chr8	127737506	127738005	11666	127734077	127739988
chr11	127271698	127272197	2444	127270886	127272786
chr15	64842957	64843456	3983	64840764	64846209
chr17	5232798	5233297	4808	5233290	5235272
chr2	218395923	218396422	7423	218395622	218401681
chr5	172772267	172772766	9942	172767689	172772618
chr9	93131120	93131619	11962	93130710	93135046
chr9	114928035	114928534	12057	114927595	114931010
chr3	16514575	16515074	8404	16510548	16515162
chr12	6953406	6953905	2521	6951168	6954421
chr4	70996988	70997487	9254	70992742	70997872
chr5	100900722	100901221	9711	100899847	100905746
chr22	37283304	37283803	8173	37281767	37286315
chr14	20782263	20782762	3382	20780817	20783189
chr1	155000901	155001400	839	154999011	155005835
chr10	124094351	124094850	1719	124090130	124094970
chr20	35773116	35773615	7710	35771452	35774123
chr12	92143994	92144493	2900	92137671	92148218
chr12	92143994	92144493	2901	92137671	92148218
chr9	107487442	107487941	12016	107487275	107490888
chr10	61903048	61903547	1427	61899642	61905504
chr7	12573125	12573624	10806	12570033	12573300
chr9	33165588	33166087	11815	33163551	33168194
chr17	66304263	66305214	5332	66301454	66306140
chr19	48967415	48967914	6499	48963555	48967782
chr5	127028784	127029283	9762	127028319	127031816
chr11	105033281	105033780	2321	105032320	105035468
chr18	70292569	70293068	5668	70287068	70300348
chr4	73068606	73069105	9255	73067932	73070490
chr10	7412367	7412866	1283	7406596	7414249
chr17	1229535	1230034	4743	1226753	1230581
chr20	3408579	3409078	7568	3405661	3409474
chr16	88700806	88701305	4704	88700714	88707537
chr5	67195578	67196077	9624	67194649	67197071
chrX	129781213	129781712	12596	129779482	129783889
chr20	40687572	40688071	7738	40682388	40691022
chr20	40687572	40688071	7739	40682388	40691022
chr20	40687572	40688071	7740	40682388	40691022
chr20	40687572	40688071	7741	40682388	40691022
chr16	88705138	88705637	4704	88700714	88707537
chr16	11669592	11670091	4315	11667864	11671083
chr13	77328982	77329481	3305	77328684	77330828
chr9	219879	220378	11753	212007	220097
chr20	64078196	64078695	7874	64076160	64081389
chr16	79602130	79602629	4660	79591950	79603142
chr22	50304454	50304953	8323	50303769	50308605
chr7	139775724	139776223	11239	139774904	139778967
chr4	147683206	147683705	9437	147682534	147684994
chr1	180156150	180156649	995	180153849	180156360
chr1	2231795	2232294	41	2226737	2235255
chr2	68366177	68366676	6969	68365041	68369100
chr20	44967378	44967877	7763	44965844	44968733
chr6	108557854	108558353	10537	108557179	108563702
chr15	100920691	100921190	4158	100917556	100923216
chr19	6460074	6460573	5840	6458326	6461192
chr19	6460074	6460573	5841	6458326	6461192
chr7	129948794	129949293	11201	129948719	129953327
chr10	69089940	69090439	1447	69087246	69091565
chr7	5423761	5424260	10775	5417457	5430584
chr9	70411885	70412384	11899	70410054	70414873
chr17	79733043	79733542	5446	79732265	79733789
chr13	112691269	112691768	3358	112688651	112692158
chr15	90004620	90005119	4124	89999495	90006258
chr1	39574186	39574685	362	39573193	39577309
chr5	140631027	140631526	9839	140629403	140634299
chr1	40860637	40861136	384	40860692	40863017
chr19	926901	927400	5707	924486	928338
chr5	95818208	95818707	9698	95817605	95824038
chr6	108558388	108558887	10537	108557179	108563702
chr4	16228307	16228806	9152	16223853	16229020
chr2	98770553	98771052	7107	98769979	98771630
chr10	96272131	96273099	1582	96266640	96273495
chr4	55397950	55398449	9234	55395141	55399917
chr1	2234310	2234809	41	2226737	2235255
chrX	12971608	12972107	12298	12970630	12978966
chr7	2633241	2633740	10762	2631250	2634555
chr7	2633241	2633740	10763	2631250	2634555
chr18	9709290	9709789	5548	9707363	9711106
chr3	47009239	47009738	8516	47008885	47010396
chr6	37008390	37008889	10346	37005323	37009769
chr17	78127120	78127619	5434	78126907	78129263
chr2	118089209	118089708	7167	118087585	118090043
chr11	68840578	68841077	2190	68840459	68844410
chr8	11796354	11796853	11351	11795474	11797248
chr6	169722792	169723291	10725	169722715	169725565
chr21	44927406	44927905	8001	44927526	44928646
chr14	102088324	102088823	3737	102084778	102089206
chr15	34333901	34334400	3818	34334269	34338562
chr3	190118984	190119483	9010	190118080	190121812
chr6	28981811	28982310	10185	28980781	28983158
chrX	56564519	56565018	12447	56562781	56566873
chrX	56564519	56565018	12448	56562781	56566873
chr16	11743514	11744013	4316	11740665	11743642
chr15	88622087	88622586	4109	88620900	88623078
chr1	18110966	18111465	149	18107056	18111443
chr3	69086058	69086557	8671	69084301	69088535
chr19	12789940	12790439	5985	12788685	12794402
chr1	120844529	120845028	716	120176889	148791179
chr3	186107513	186108012	8995	186106923	186110445
chr4	177440984	177441483	9491	177441107	177443373
chr2	159796218	159797206	7249	159796190	159799016
chr17	45149090	45149589	5176	45146777	45151813
chr17	45149090	45149589	5177	45146777	45151813
chr13	99303792	99304291	3327	99302843	99308187
chr1	116377792	116378291	686	116372365	116377964
chr1	116377792	116378291	687	116372365	116377964
chr1	116377792	116378291	688	116372365	116377964
chr14	88006171	88006670	3677	88004881	88006969
chrX	37783203	37783702	12347	37779582	37784995
chr10	46019768	46020267	1412	46023855	46018527
chr12	4271807	4272306	2483	4268443	4277452
chr1	54407467	54407966	488	54403097	54408247
chr17	45172657	45173156	5180	45172453	45173453
chr17	7833637	7834136	4858	7833613	7838533
chr2	96764214	96764713	7092	96762014	96764981
chr6	44264182	44264681	10412	44262812	44265985
chr16	19118879	19119378	4343	19112838	19119288
chr3	30604037	30604993	8426	30604604	30605362
chr10	96269388	96270290	1582	96266640	96273495
chrX	12970550	12971049	12298	12970630	12978966
chr6	71287086	71287585	10454	71286914	71287420
chr17	60601074	60601573	5292	60599103	60603103
chr6	16236527	16237026	10083	16236392	16236831
chr9	35690910	35691409	11854	35689503	35691606
chr12	9758520	9759019	2549	9758052	9761527
chr14	92515762	92516261	3701	92512760	92516593
chr19	1864656	1865155	5741	1859363	1865247
chr19	1864656	1865155	5742	1859363	1865247
chr21	24429283	24430519	7890	24428570	24430566
chr8	73992480	73992979	11542	73991256	73993118
chr5	180069843	180070342	10004	180067697	180072492
chr18	50268346	50268845	5626	50267932	50268789
chr3	146542067	146542566	8874	146542420	146545260
chr9	35114038	35114537	11843	35114270	35117301
chr9	35114038	35114537	11844	35114270	35117301
chr15	90002925	90003424	4124	89999495	90006258
chr11	86062224	86063167	2285	86060329	86069851
chr1	9652499	9652998	85	9651107	9655134
chrX	154748637	154749136	12686	154748425	154751934
chr6	159042498	159042997	10702	159041715	159045783
chr20	36949963	36950462	7723	36948506	36952356
chr3	183249037	183249536	8964	183248717	183258946
chr13	32425996	32426495	3200	32425999	32429022
chr17	81393794	81394293	5465	81391664	81401809
chr17	81393794	81394293	5466	81391664	81401809
chr17	81393794	81394293	5467	81391664	81401809
chr1	161046552	161047051	907	161044264	161046677
chrX	37781796	37782295	12347	37779582	37784995
chr15	89090672	89091171	4112	89087568	89093142
chr15	89090672	89091171	4113	89087568	89093142
chr15	89090672	89091171	4114	89087568	89093142
chr18	11850027	11850526	5552	11849791	11853981
chr1	177173206	177173705	980	177170517	177175508
chr1	177173206	177173705	981	177170517	177175508
chr17	50151881	50152380	5232	50145734	50152703
chr11	3836786	3837285	1809	3836969	3841893
chr1	161217269	161217768	916	161214482	161218117
chr17	51261660	51262159	5250	51258560	51262807
chr7	91263299	91263798	11035	91263249	91268585
chr7	91263299	91263798	11036	91263249	91268585
chr17	75034262	75034761	5377	75032156	75035653
chr17	75034262	75034761	5378	75032156	75035653
chr17	37488779	37489278	5050	37488477	37492855
chr2	38667207	38667706	6864	38665551	38667870
chr1	225426826	225427325	1161	225426191	225429161
chrX	12973542	12974041	12298	12970630	12978966
chr1	68229583	68230082	523	68229007	68233200
chr1	68229583	68230082	524	68229007	68233200
chr19	12785622	12786121	5984	12783767	12786322
chr20	1489633	1490132	7549	1488911	1492007
chr9	111036408	111036907	12023	111033946	111039629
chr9	111036408	111036907	12024	111033946	111039629
chr16	56609934	56610433	4519	56608059	56610068
chrX	71145765	71146264	12478	71144340	71148643
chr21	40841892	40842391	7958	40840325	40847945
chr19	38434631	38435130	6276	38433299	38435998
chr5	124747361	124747860	9757	124740763	124749843
chrX	41330290	41330789	12360	41330353	41332260
chr3	194134883	194135382	9018	194133764	194135759
chr16	88784041	88784540	4705	88783018	88785911
chr14	75276965	75277464	3643	75276784	75281812
chr17	38703879	38704378	5059	38701561	38707134
chr15	100922259	100922758	4158	100917556	100923216
chr17	8151177	8151676	4870	8150622	8153427
chr1	121080189	121081159	716	120176889	148791179
chr11	2269801	2270300	1789	2268559	2271465
chr19	12793482	12793981	5985	12788685	12794402
chr1	46613769	46614268	445	46613470	46614044
chr1	220882563	220883062	1144	220878242	220882833
chr12	42235368	42235867	2644	42235608	42239370
chr12	42235368	42235867	2645	42235608	42239370
chr6	53335627	53336126	10435	53335299	53336183
chr20	24471213	24471712	7640	24467925	24472935
chr2	60882967	60883466	6931	60880369	60886394
chr1	25616372	25616871	214	25615814	25620901
chr1	25616372	25616871	215	25615814	25620901
chr1	12615605	12616527	119	12614102	12620285
chr17	14302464	14302963	4896	14300368	14304732
chr17	44326718	44327217	5162	44323571	44327239
chr19	2270741	2271240	5753	2268830	2272157
chr20	4813056	4813555	7580	4813125	4813762
chr2	64204049	64204548	6949	64203872	64204698
chr10	130109655	130110154	1733	130109525	130112308
chr4	70995915	70996414	9254	70992742	70997872
chrX	23784374	23784873	12336	23782609	23786143
chr11	60915347	60915846	2004	60913556	60916292
chr2	178414543	178415042	7304	178413045	178415245
chr18	3604589	3605088	5532	3604415	3606374
chr2	27371191	27371690	6820	27369197	27372068
chr4	17578571	17579070	9154	17576434	17579967
chr10	122466791	122467290	1711	122460592	122467828
chr11	118792637	118793136	2385	118788660	118793129
chr12	9650588	9651087	2547	9647458	9650870
chr22	19179362	19179861	8033	19177286	19179787
chr1	160576807	160577306	904	160576110	160579978
chr2	33477516	33478015	6849	33475671	33478331
chr4	139666580	139667079	9418	139665166	139667572
chr22	17217453	17217952	8020	17216441	17219601
chr17	63697816	63698315	5309	63697740	63702694
chr11	68040226	68040725	2182	68038584	68041203
chr6	68640061	68640560	10449	68632737	68642485
chr2	156335474	156335973	7240	156330925	156335739
chr2	197308245	197308744	7342	197306309	197311598
chr12	47218204	47218703	2656	47213703	47219962
chr1	234608030	234608529	1211	234602386	234612285
chr19	47330582	47331081	6455	47330286	47330612
chrX	23781210	23781709	12335	23780914	23781796
chr5	56814293	56814792	9601	56814279	56818410
chr7	131111156	131111655	11211	131104178	131112243
chr1	121511854	121512353	716	120176889	148791179
chr20	57707955	57708951	7820	57707112	57711784
chr17	62628738	62629237	5300	62626593	62629685
chr20	33812115	33812614	7683	33810860	33813441
chr20	33812115	33812614	7684	33810860	33813441
chr11	72217891	72218390	2209	72216502	72218770
chr11	121453917	121454416	2414	121450534	121457373
chr9	131274603	131275102	12183	131272327	131278545
chr1	228084332	228084831	1179	228081270	228084638
chr2	106192821	106193320	7130	106192678	106195158
chr16	50547263	50547762	4501	50547327	50550357
chr18	70290992	70291491	5668	70287068	70300348
chr2	169087970	169088469	7264	169082605	169090608
chr2	234490479	234490978	7491	234490385	234497785
chr2	234490479	234490978	7492	234490385	234497785
chr6	30682493	30682992	10212	30679120	30688199
chr7	129951405	129951904	11201	129948719	129953327
chr16	31874480	31874979	4483	31873175	31875958
chr6	41161802	41162301	10361	41160739	41163591
chr7	150631402	150631901	11287	150630498	150632877
chr4	77818047	77818546	9276	77817489	77821349
chr12	9283727	9284226	2545	9283117	9284109
chr1	27873582	27874081	256	27872124	27874133
chr16	73057781	73058280	4636	73055146	73067528
chr9	126862044	126862543	12107	126859930	126863336
chr7	36721053	36721552	10884	36720154	36724593
chr12	104458294	104458793	2956	104456065	104461446
chr11	67613913	67614412	2175	67613885	67614573
chr17	1487867	1488366	4747	1484731	1488724
chr16	67394749	67395248	4571	67394359	67395115
chr16	11669018	11669517	4315	11667864	11671083
chr1	145985384	145985883	716	120176889	148791179
chr1	182790516	182791015	1007	182788816	182791931
chr6	44218206	44218705	10407	44218468	44220440
chr19	18279416	18279915	6097	18278000	18282922
chr20	63896129	63896628	7868	63894148	63897205
chr20	45933592	45934091	7777	45933415	45936304
chr7	77198093	77198592	11015	77194557	77200472
chr18	76494142	76494641	5677	76490173	76496809
chr12	12613298	12613797	2565	12611021	12614648
chr1	116569728	116570227	690	116569745	116571837
chr3	143977342	143977841	8871	143970534	143978194
chr19	41352398	41352897	6329	41350058	41354354
chr9	136372409	136372908	12226	136372236	136374191
chrX	30573117	30573616	12344	30571905	30578683
chr19	18417485	18417984	6102	18416778	18418327
chr9	5452142	5452641	11770	5449680	5452164
chr4	99948944	99949443	9346	99948448	99951351
chr5	91381609	91382108	9691	91378742	91384837
chr3	55486140	55486639	8635	55484624	55489529
chr18	3014056	3014555	5525	3009662	3014246
chr11	1896834	1897333	1787	1896520	1897833
chr1	27602041	27602540	248	27600615	27604819
chr17	41965682	41966181	5104	41965776	41975476
chr17	41965682	41966181	5105	41965776	41975476
chr11	57566051	57566550	1978	57565741	57569017
chr6	27133687	27134186	10147	27131161	27134255
chr17	64777625	64778124	5322	64776455	64782156
chr6	31727426	31727925	10247	31727737	31730639
chr1	16156792	16157291	134	16156739	16157545
chr6	31580762	31581261	10238	31580253	31582587
chr9	26955239	26955738	11804	26954064	26957373
chr3	52246651	52247150	8612	52244715	52247977
chr5	179791882	179792381	9999	179792261	179796918
chr19	7681618	7682117	5861	7680393	7682618
chr1	9823048	9823547	87	9820190	9824894
chr3	183251095	183251594	8964	183248717	183258946
chr17	40099057	40099556	5085	40097151	40101192
chr1	207054415	207054914	1096	207052325	207055051
chr6	137217740	137218239	10631	137211146	137220215
chr12	6340697	6341196	2491	6339062	6342412
chr6	44263364	44263863	10412	44262812	44265985
chr19	44912822	44913321	6398	44913231	44916262
chr19	58513855	58514354	6715	58513827	58514737
chr4	2058407	2058906	9088	2057822	2062874
chr19	46493142	46493641	6434	46492089	46496318
chr19	46493142	46493641	6435	46492089	46496318
chr14	105063477	105063976	3769	105063136	105063639
chr14	105063477	105063976	3770	105063912	105066174
chr1	36123342	36123841	328	36122848	36125968
chr10	49190022	49190521	1409	49190285	49190709
chr6	16130904	16131403	10081	16128458	16133239
chr6	16130904	16131403	10082	16128458	16133239
chr19	13155036	13155908	6002	13148650	13156260
chr18	70286925	70287424	5668	70287068	70300348
chr6	43174448	43174947	10391	43173969	43174953
chr6	43174448	43174947	10392	43173969	43174953
chr3	52237454	52237953	8611	52237059	52239945
chr2	169082996	169083495	7264	169082605	169090608
chr6	159043919	159044418	10702	159041715	159045783
chr5	113515685	113516184	9735	113513112	113516111
chr12	104459074	104459573	2956	104456065	104461446
chr8	38384904	38385403	11456	38384760	38387722
chr9	97412953	97413452	11985	97411418	97413527
chr8	22695219	22695718	11393	22689340	22696207
chr17	4790139	4790638	4791	4788534	4790888
chr1	167632262	167632761	944	167629596	167633183
chr2	60882300	60882799	6931	60880369	60886394
chr15	64845100	64845599	3983	64840764	64846209
chr1	121048219	121048718	716	120176889	148791179
chr2	96538526	96539025	7087	96536423	96539206
chr16	25693104	25693603	4386	25691335	25695677
chr10	27252340	27252839	1349	27252250	27253236
chr1	31373016	31373515	285	31370393	31374144
chr9	134065669	134066168	12211	134065524	134069245
chr8	17923874	17924373	11368	17921843	17925159
chr1	146369837	146370336	716	120176889	148791179
chr17	50708485	50708984	5243	50706538	50708835
chr19	10603963	10604462	5919	10601984	10604635
chr15	38455074	38455573	3829	38453508	38455779
chr10	93568027	93568526	1567	93566216	93568986
chr11	96339082	96339581	2311	96337485	96343783
chr5	54520532	54521031	9595	54516937	54523303
chr19	33298508	33299007	6189	33298108	33304879
chr6	26595711	26596210	10144	26595010	26598254
chr5	43019402	43019901	9579	43017098	43020715
chr10	110212055	110212554	1670	110207371	110212286
chr20	57389103	57389602	7818	57388914	57390376
chr2	138503057	138503556	7219	138500749	138504987
chr1	12168409	12168908	116	12166601	12169412
chr3	122056034	122056533	8764	122054946	122058504
chr19	19032324	19032823	6120	19032187	19034778
chr17	74467586	74468085	5365	74466066	74468926
chr14	22930288	22930787	3403	22928273	22931131
chr14	22930288	22930787	3404	22928273	22931131
chr22	17117893	17118392	8018	17116930	17122252
chr22	50183929	50184428	8317	50184255	50187199
chr11	9662322	9662821	1848	9662748	9665577
chr1	121089808	121090307	716	120176889	148791179
chr18	79949821	79950320	5688	79949650	79953324
chr1	161548293	161549182	922	161546659	161550833
chr1	161548293	161549182	923	161546659	161550833
chr7	65871457	65871956	10955	65871205	65871659
chr1	198641366	198641865	1037	198638968	198642659
chr2	105746615	105747114	7129	105744041	105747872
chr8	37696441	37696940	11441	37694247	37699992
chr22	20509328	20509827	8049	20506907	20509930
chr2	238287548	238288047	7505	238286619	238289800
chr10	96718516	96719015	1584	96717710	96721130
chr5	43019956	43020455	9579	43017098	43020715
chr2	74836359	74836858	7035	74833508	74838439
chr7	522184	522683	10736	516520	523436
chr7	44045423	44045922	10908	44043954	44045975
chr19	11420993	11421492	5943	11420301	11422834
chr7	123747533	123748032	11175	123746839	123750122
chr14	68788799	68789298	3593	68787895	68796779
chr19	51456768	51457267	6559	51456030	51459396
chr6	136785234	136785733	10628	136783908	136786203
chr6	144055018	144055517	10652	144054919	144055448
chrX	12978209	12978708	12298	12970630	12978966
chr7	151088704	151089203	11296	151085698	151089752
chr11	65574138	65574637	2114	65571974	65577808
chr2	98445520	98446019	7104	98444313	98447290
chr21	39312278	39312777	7950	39311710	39314947
chr21	39312278	39312777	7951	39311710	39314947
chr12	6632196	6632695	2501	6624060	6636818
chr8	28890895	28891394	11425	28889069	28893894
chr12	53220873	53221372	2733	53218716	53222300
chr11	112161040	112161539	2352	112160946	112164476
chr6	110181578	110182077	10546	110174585	110184333
chr6	110181578	110182077	10547	110174585	110184333
chr1	54408225	54408724	488	54403097	54408247
chr2	16663437	16663936	6764	16661998	16666703
chr2	16663437	16663936	6765	16661998	16666703
chr3	55485064	55485563	8635	55484624	55489529
chr19	6718771	6719270	5844	6718108	6721325
chr19	6718771	6719270	5845	6718108	6721325
chr11	65421103	65421602	2109	65421043	65427697
chr19	29716461	29716960	6175	29713680	29716798
chr13	46382306	46382805	3248	46382347	46388697
chr11	33016684	33017183	1907	33015433	33017832
chr7	49778704	49779203	10932	49772834	49779429
chr22	46045393	46045892	8298	46043680	46046601
chr19	48635332	48635831	6482	48634085	48639345
chr5	100901888	100902387	9711	100899847	100905746
chr11	2446921	2447420	1793	2444113	2447707
chr11	1832358	1832857	1785	1832513	1833037
chr9	70411030	70411529	11899	70410054	70414873
chr22	50342237	50342736	8325	50342192	50343982
chr3	66499181	66499680	8662	66496823	66501769
chr3	66499181	66499680	8663	66496823	66501769
chr18	34495338	34495837	5594	34492728	34496509
chr14	104926447	104926946	3765	104924669	104927600
chr20	17680266	17680765	7612	17680228	17683307
chr9	137608158	137608657	12265	137604603	137608904
chr7	1532923	1533422	10751	1530089	1533307
chr14	73464966	73465465	3613	73464466	73466318
chr13	109731867	109732366	3346	109728634	109732266
chr1	2205052	2205551	38	2204295	2205919
chr1	2205052	2205551	39	2204295	2205919
chr1	23169578	23170077	181	23166787	23169730
chr14	61568522	61569021	3561	61568199	61569097
chr1	15411566	15412065	125	15409078	15413344
chr8	22552444	22552943	11387	22550573	22552972
chr6	10720374	10720873	10057	10719838	10721325
chr18	77004537	77005036	5680	77004183	77017816
chr18	77004537	77005036	5681	77004183	77017816
chr3	146497938	146498437	8873	146497978	146498745
chr13	94549248	94549747	3314	94548424	94550917
chr17	4711462	4711961	4787	4709677	4713008
chr19	12885059	12885900	5989	12885134	12886366
chr16	30949955	30950454	4463	30947873	30950900
chr16	73063186	73063685	4636	73055146	73067528
chr2	85890649	85891148	7056	85886644	85894356
chr2	85890649	85891148	7057	85886644	85894356
chr12	64621129	64621628	2848	64621375	64621882
chr10	27257303	27257802	1350	27257497	27260028
chr4	146520812	146521311	9435	146520172	146523176
chr8	30157468	30157967	11430	30155159	30158240
chr15	70099418	70099917	4015	70094476	70100010
chr7	150717995	150718494	11289	150716071	150718819
chr16	50697901	50698400	4503	50697721	50698537
chr13	99305693	99306192	3327	99302843	99308187
chr1	9293416	9293915	81	9292199	9295620
chr11	69427232	69427731	2193	69425351	69427638
chr3	187739924	187740423	9007	187737284	187747302
chrX	69164353	69164852	12471	69163528	69166155
chr17	63701790	63702289	5309	63697740	63702694
chr20	23420348	23420847	7637	23419526	23421973
chr16	88783388	88783887	4705	88783018	88785911
chr16	73065808	73066307	4636	73055146	73067528
chr19	14004916	14005415	6011	14005195	14007501
chr6	89350612	89351111	10501	89350168	89353597
chr1	26698009	26698508	233	26694702	26699624
chr1	26698009	26698508	234	26694702	26699624
chr6	159039201	159039700	10701	159039540	159041187
chr1	150163013	150163512	757	150162629	150163216
chr16	88941146	88941645	4709	88938952	88942339
chr20	327119	327618	7534	323742	329026
chr6	154354936	154355435	10684	154352484	154357482
chr8	73877039	73877538	11539	73876756	73879879
chr7	66206692	66207191	10961	66204491	66207303
chr1	145721073	145721572	716	120176889	148791179
chr19	8500108	8500607	5878	8499871	8501085
chr8	41663622	41664121	11468	41660734	41663661
chr8	118108698	118109197	11635	118105852	118112683
chr8	118108698	118109197	11636	118105852	118112683
chr8	118108698	118109197	11637	118105852	118112683
chr17	8154065	8154564	4871	8153607	8157379
chr20	60057289	60057788	7833	60055050	60057906
chr3	46206652	46207151	8508	46204456	46208741
chr1	224432496	224432995	1160	224431665	224435829
chr6	31863442	31863941	10257	31861774	31864542
chr6	31863442	31863941	10258	31861774	31864542
chr8	20198481	20198980	11377	20196381	20199559
chrX	118730396	118730895	12568	118726655	118732005
chr17	75268869	75269368	5389	75268883	75272300
chr1	120179986	120180485	716	120176889	148791179
chr12	122080413	122080912	3080	122077796	122082251
chr14	90399475	90399974	3689	90396132	90401342
chr2	20049659	20050633	6772	20049180	20053208
chr1	198935491	198935990	1038	198928883	198937868
chr1	198935491	198935990	1039	198928883	198937868
chr1	198935491	198935990	1040	198928883	198937868
chr1	203629399	203629898	1069	203626317	203630357
chr6	18388260	18388759	10093	18386959	18390043
chr10	69090661	69091160	1447	69087246	69091565
chr1	203306520	203307019	1068	203304508	203309752
chr18	23584636	23585135	5578	23583383	23587291
chr8	22551131	22551630	11387	22550573	22552972
chr16	29600024	29600523	4412	29600272	29600644
chr16	73055460	73055959	4636	73055146	73067528
chr20	25853813	25854312	7651	25852935	25854541
chr14	69614567	69615066	3598	69610150	69614786
chrX	12868787	12869286	12296	12866348	12872057
chr9	127776237	127776736	12119	127776011	127779109
chr6	35299634	35300133	10324	35297370	35299905
chr6	69795409	69795908	10450	69794822	69797508
chr12	9649423	9649922	2547	9647458	9650870
chr6	28383242	28383741	10179	28383012	28383895
chr13	29849093	29849592	3185	29845472	29850988
chr13	29849093	29849592	3186	29845472	29850988
chr13	29849093	29849592	3187	29845472	29850988
chr1	145979319	145979818	716	120176889	148791179
chr20	10671343	10671842	7601	10670752	10675386
chr5	150487300	150487799	9882	150484911	150488018
chr1	78622525	78623024	544	78619328	78623366
chr2	28390244	28390743	6830	28389820	28396632
chr2	46298574	46299073	6889	46296407	46300311
chr5	100904119	100904618	9711	100899847	100905746
chr11	79437255	79437754	2271	79436841	79442040
chr10	61900116	61900615	1427	61899642	61905504
chr1	15849229	15849728	131	15846693	15850845
chr3	55488314	55488813	8635	55484624	55489529
chr5	100900052	100900551	9711	100899847	100905746
chr7	49775568	49776067	10932	49772834	49779429
chr4	186067991	186068490	9507	186068267	186070579
chr19	48720570	48721069	6487	48720312	48721443
chr17	7887488	7887987	4861	7884007	7888850
chr10	35643129	35643628	1373	35637315	35644280
chr10	35643129	35643628	1374	35637315	35644280
chr19	48713919	48714418	6485	48712738	48715298
chr19	48713919	48714418	6486	48712738	48715298
chr1	155979509	155980008	866	155974189	155980017
chr1	146413911	146414410	716	120176889	148791179
chr3	11273140	11273639	8375	11271868	11273750
chr10	45375861	45376360	1395	45373023	45376424
chr9	5511277	5511776	11771	5510391	5512565
chr16	592691	593190	4180	588144	593103
chr16	592691	593190	4181	588144	593103
chr1	203628840	203629339	1069	203626317	203630357
chr1	201020971	201021470	1045	201020351	201024114
chr18	13220536	13221035	5564	13216064	13223036
chr4	39030277	39030776	9189	39027651	39032512
chr4	39030277	39030776	9190	39027651	39032512
chr9	104765225	104765724	12008	104763480	104765765
chrX	48917100	48917599	12402	48916809	48919829
chr20	44967933	44968432	7763	44965844	44968733
chr17	7240357	7240856	4831	7237174	7243758
chr17	7240357	7240856	4832	7237174	7243758
chr16	73064067	73064566	4636	73055146	73067528
chr1	121394674	121395173	716	120176889	148791179
chr11	47768172	47768671	1970	47765422	47768715
chr10	71770727	71771226	1468	71767858	71775109
chr10	119206147	119206646	1699	119206302	119209823
chr10	119206147	119206646	1700	119206302	119209823
chr17	83081615	83082114	5517	83078764	83081654
chr7	29147783	29148282	10852	29144939	29148179
chr4	87978587	87979086	9312	87975254	87979480
chr6	132513803	132514302	10612	132510609	132513807
chr1	145872060	145872559	716	120176889	148791179
chr19	13104188	13104687	6000	13104561	13105860
chr19	18002516	18003015	6085	18000616	18003520
chr8	43091083	43091582	11478	43090930	43091956
chr16	73064670	73065169	4636	73055146	73067528
chr6	44221482	44221981	10408	44221807	44222310
chr6	2901579	2902078	10024	2899583	2903785
chr6	137216785	137217284	10631	137211146	137220215
chr1	109546246	109546745	634	109546495	109549770
chr2	197307200	197307699	7342	197306309	197311598
chr2	156437205	156437704	7241	156435047	156437826
chr19	3365752	3366251	5780	3365542	3370386
chr17	17045213	17045712	4911	17041063	17045775
chr17	17045213	17045712	4912	17041063	17045775
chr19	48754000	48754499	6491	48752264	48754502
chr3	52052694	52053193	8608	52052013	52057964
chr1	112713873	112714372	667	112714013	112716490
chr12	24900920	24901419	2598	24901006	24904282
chr12	24900920	24901419	2599	24901006	24904282
chr1	151060043	151060542	783	151057582	151063426
chr5	98927129	98927628	9709	98926950	98930810
chr2	144514722	144515221	7223	144510405	144525192
chr12	112979170	112979669	3018	112977711	112980436
chr20	47502822	47503321	7786	47500619	47503978
chr15	40407300	40407799	3846	40407041	40407888
chr3	130747545	130748044	8819	130745608	130748499
chr3	130747545	130748044	8820	130745608	130748499
chr4	38667036	38667535	9184	38662632	38668075
chr12	54417962	54418461	2761	54416982	54419953
chr11	105032448	105032947	2321	105032320	105035468
chr13	113816202	113816701	3368	113815500	113817083
chr14	92750729	92751228	3703	92750430	92751197
chr8	102657190	102657689	11616	102653392	102657627
chr12	57459029	57459528	2814	57458843	57462851
chr12	57459029	57459528	2815	57458843	57462851
chr8	79765130	79765629	11547	79763178	79769501
chr9	136093943	136094442	12220	136093957	136096381
chr5	42991960	42992459	9578	42991291	42995702
chr3	183554260	183554759	8966	183553143	183556308
chr12	24945740	24946239	2600	24946045	24949613
chr13	110559576	110560075	3349	110559160	110562911
chrX	40174178	40174677	12353	40174088	40177443
chr3	101829017	101829516	8718	101827103	101829436
chr11	65893784	65894283	2125	65887435	65894536
chr11	65893784	65894283	2126	65887435	65894536
chr3	134487335	134487834	8840	134484520	134487984
chr1	48775758	48776257	455	48774893	48778041
chr8	23241093	23241592	11400	23240960	23242012
chr19	11422087	11422586	5943	11420301	11422834
chr12	108337273	108337772	2973	108336976	108340165
chr2	127295017	127295516	7184	127293060	127295247
chr6	119347305	119347804	10587	119343582	119352006
chr2	39780941	39781440	6872	39781066	39781479
chr22	37284813	37285312	8173	37281767	37286315
chr4	38857521	38858020	9187	38853670	38857896
chr1	198930118	198930617	1038	198928883	198937868
chr1	198930118	198930617	1039	198928883	198937868
chr1	198930118	198930617	1040	198928883	198937868
chr1	36320958	36321457	333	36320545	36322287
chr7	100866014	100866513	11107	100866088	100868857
chr6	132511096	132511595	10612	132510609	132513807
chr1	150160379	150160878	756	150160699	150161452
chr1	228459101	228459600	1185	228455448	228460318
chr6	53795830	53796329	10438	53793373	53797174
chr19	12665068	12665567	5975	12665360	12667412
chr11	72720070	72720569	2213	72719275	72722870
chr12	56634836	56635335	2799	56634101	56637147
chr3	143846788	143847287	8870	143844283	143849911
chr19	3367263	3367762	5780	3365542	3370386
chr10	110306038	110306537	1672	110303657	110306418
chr10	110306038	110306537	1673	110303657	110306418
chr19	2478721	2479220	5759	2474557	2479467
chr19	2478721	2479220	5760	2474557	2479467
chr12	122081728	122082227	3080	122077796	122082251
chr12	10128549	10129048	2551	10127722	10130650
chr3	52313663	52314162	8615	52313964	52314458
chr17	1643550	1644049	4752	1643267	1646146
chr6	42452996	42453495	10374	42448589	42454308
chr6	42452996	42453495	10375	42448589	42454308
chr2	189579531	189580030	7322	189579194	189581926
chr6	37172107	37172606	10347	37168929	37172850
chr6	37172107	37172606	10348	37168929	37172850
chr9	95509094	95509593	11971	95505188	95512328
chr9	95509094	95509593	11972	95505188	95512328
chr9	95509094	95509593	11973	95505188	95512328
chr1	121042849	121043348	716	120176889	148791179
chr22	38314836	38315335	8196	38313688	38318519
chr11	117096390	117096889	2367	117094255	117099174
chr11	117096390	117096889	2368	117094255	117099174
chr1	46204280	46204779	439	46202500	46205191
chr3	46369801	46370300	8509	46368229	46372395
chr2	62198206	62198705	6941	62195022	62198676
chr11	75349664	75350163	2243	75349501	75352930
chr4	163165320	163165819	9465	163164903	163167566
chr18	32469054	32469553	5593	32468107	32472010
chr3	46368541	46369040	8509	46368229	46372395
chr3	186931852	186932351	9003	186929403	186934570
chr7	93146708	93147207	11047	93146390	93148555
chr2	184596758	184597257	7318	184596840	184603299
chr10	62817867	62818366	1431	62814465	62819354
chr3	53162116	53162615	8628	53160119	53163988
chr11	112162209	112162708	2352	112160946	112164476
chr1	121408296	121408795	716	120176889	148791179
chr16	51146138	51146637	4505	51143778	51156837
chr14	75295949	75296448	3645	75295928	75296756
chr11	9001736	9002235	1840	9000107	9005241
chr11	9001736	9002235	1841	9000107	9005241
chr2	28390763	28391262	6830	28389820	28396632
chr2	68367880	68368379	6969	68365041	68369100
chr17	29931309	29931808	4997	29928288	29931762
chr5	78647340	78647839	9666	78644890	78649692
chr7	77195526	77196025	11015	77194557	77200472
chr5	132962360	132962859	9784	132961633	132964569
chr9	75892282	75892781	11909	75889490	75895151
chr19	1067981	1068480	5713	1066494	1069718
chr12	64757671	64758170	2849	64757620	64760444
chr4	73257122	73257621	9257	73256810	73260535
chr6	149480876	149481375	10666	149481095	149483210
chr12	6927425	6927924	2518	6925871	6930519
chr2	101699349	101699848	7121	101696245	101702817
chr9	14690821	14691320	11779	14690989	14694174
chr9	89603615	89604114	11945	89603114	89607609
chr9	89603615	89604114	11946	89603114	89607609
chr19	31350628	31351127	6179	31345885	31352427
chr8	37694327	37694826	11441	37694247	37699992
chr3	15097855	15098354	8397	15097808	15099985
chr7	151233039	151233538	11298	151231923	151234202
chr10	31930211	31930710	1361	31925898	31931107
chr3	126472281	126472780	8787	126472087	126476944
chr3	126472281	126472780	8788	126472087	126476944
chr12	26119241	26119740	2605	26117904	26127273
chr12	56159014	56159513	2784	56157013	56160659
chr9	128192736	128193235	12133	128190237	128193488
chr21	40840689	40841188	7958	40840325	40847945
chr7	74290152	74290651	10996	74288050	74291876
chr19	47743446	47743945	6463	47743165	47744021
chr16	79593008	79593507	4660	79591950	79603142
chr3	37453952	37454451	8445	37451428	37454708
chr3	45144201	45144700	8499	45144471	45144858
chr6	154359117	154359616	10685	154358283	154359656
chr20	63803356	63803855	7865	63802399	63804083
chr14	20801261	20801760	3383	20799154	20803552
chr1	203627768	203628267	1069	203626317	203630357
chr16	88941759	88942258	4709	88938952	88942339
chr4	930156	930655	9069	929869	933455
chr16	807631	808130	4196	806771	808757
chr1	113982523	113983022	677	113978992	113983993
chr1	33346951	33347450	311	33346019	33350745
chr6	31818114	31818613	10253	31817465	31819586
chr6	32664763	32665262	10279	32664573	32666823
chr10	75408042	75408541	1501	75407175	75410016
chr12	106136147	106136646	2962	106134996	106141810
chr1	31371506	31372005	285	31370393	31374144
chr3	194687738	194688237	9025	194685477	194688664
chr3	194687738	194688237	9026	194685477	194688664
chr12	4269156	4269655	2483	4268443	4277452
chr3	129605322	129605821	8814	129601486	129607680
chr3	129605322	129605821	8815	129601486	129607680
chr3	129605322	129605821	8816	129601486	129607680
chr7	88218130	88218629	11030	88218339	88221356
chr9	128684257	128684756	12144	128683191	128686453
chr20	31604127	31604626	7656	31604078	31607374
chr20	31604127	31604626	7657	31604078	31607374
chr20	33667821	33668320	7677	33666297	33668149
chr7	98283059	98283558	11060	98280500	98285264
chr19	11420401	11420900	5943	11420301	11422834
chr12	6792543	6793042	2509	6789110	6793405
chr6	31734603	31735102	10248	31734702	31737102
chr1	236141455	236141954	1220	236141193	236145437
chr1	236141455	236141954	1221	236141193	236145437
chr11	110710450	110710949	2341	110709147	110714110
chr1	27634133	27634632	249	27634006	27635312
chr19	49869340	49869839	6533	49868951	49870890
chr19	49869340	49869839	6534	49868951	49870890
chr5	14584036	14584535	9536	14580944	14585995
chr19	42244642	42245141	6347	42241463	42245250
chr12	57089830	57090329	2807	57086274	57091877
chr3	4984087	4984586	8342	4976989	4984842
chr3	4984087	4984586	8343	4976989	4984842
chr3	4984087	4984586	8344	4976989	4984842
chr19	12777494	12778410	5983	12777371	12779430
chr7	29807271	29807770	10856	29806072	29807951
chr10	124741231	124741730	1722	124741497	124745031
chr1	121414792	121415291	716	120176889	148791179
chr15	74789976	74790475	4038	74788754	74790258
chr20	1897875	1898374	7551	1892607	1898219
chr8	107495764	107496263	11625	107495367	107497969
chr12	49705492	49705991	2691	49702990	49708537
chr11	69638900	69639399	2194	69636228	69644207
chr5	95817478	95817977	9698	95817605	95824038
chr20	19885083	19885582	7622	19885054	19885565
chr1	6601019	6601518	62	6599512	6604479
chr11	118087066	118087565	2375	118086488	118088826
chr17	7626200	7626699	4856	7626695	7628359
chr7	6270928	6271427	10787	6270536	6273235
chr6	2900978	2901477	10024	2899583	2903785
chr2	8685681	8686180	6735	8680908	8686208
chrX	16711242	16711741	12313	16711379	16713411
chr8	24295412	24295911	11408	24293882	24297923
chr22	29073850	29074349	8104	29072362	29074531
chr19	54660925	54661424	6635	54660708	54661102
chr13	40981323	40981822	3217	40979888	40983268
chr6	13712525	13713024	10076	13707993	13712973
chr10	75234092	75234591	1498	75233966	75236193
chr10	102117358	102117857	1631	102117021	102121789
chr17	30707618	30708117	5002	30707559	30712525
chr17	30707618	30708117	5003	30707559	30712525
chr12	112014502	112015001	3010	112012009	112015003
chr3	151379325	151379824	8890	151374429	151385642
chr11	119205091	119205590	2400	119205132	119208295
chr6	106089893	106090392	10524	106085408	106090850
chr6	170291343	170291842	10728	170286260	170292276
chr6	170291343	170291842	10729	170286260	170292276
chr19	49593255	49593754	6520	49590036	49593835
chr12	49108807	49109306	2683	49108615	49111614
chr3	67655313	67655812	8666	67653440	67656337
chr3	67655313	67655812	8667	67653440	67656337
chr2	233061743	233062242	7485	233059673	233064509
chr11	60281465	60281964	2000	60280577	60281643
chr8	21920251	21920750	11378	21918274	21921040
chr7	4683819	4684318	10768	4681606	4685123
chrX	46576043	46576847	12371	46573118	46577456
chrX	46576043	46576847	12372	46573118	46577456
chr13	106532979	106533478	3340	106529844	106536690
chr13	106532979	106533478	3341	106529844	106536690
chr19	2094370	2094869	5748	2093989	2097609
chr19	2094370	2094869	5749	2093989	2097609
chr19	3369386	3369885	5780	3365542	3370386
chr9	129038050	129038549	12156	129035851	129038621
chr14	24095358	24095857	3431	24093597	24095718
chr12	108629780	108630279	2977	108627930	108635790
chr9	121271906	121272405	12074	121267322	121272276
chr19	13097729	13098228	5999	13095010	13103780
chr19	35898754	35899253	6224	35898159	35903771
chr12	53208849	53209348	2732	53208860	53209704
chr20	845834	846333	7542	844581	846575
chr20	36861906	36862405	7722	36860845	36864620
chr1	143838184	143838683	716	120176889	148791179
chr3	187740801	187741300	9007	187737284	187747302
chr12	8065299	8065798	2531	8062160	8066872
chr5	149959443	149959942	9876	149959908	149961687
chr5	163504461	163504960	9927	163502833	163507272
chr6	31817322	31817821	10253	31817465	31819586
chr19	10112913	10113412	5902	10111542	10113487
chr20	45408777	45409276	7766	45405396	45411913
chr19	12783712	12784211	5984	12783767	12786322
chr2	233060988	233061487	7485	233059673	233064509
chr2	157441671	157442597	7242	157440852	157444441
chr1	145932637	145933136	716	120176889	148791179
chr6	24668432	24668931	10103	24668306	24669530
chr8	89759113	89759612	11567	89756506	89759941
chr12	11652417	11652916	2559	11648422	11653201
chr13	24271844	24272343	3164	24270212	24274417
chr13	109784541	109785040	3347	109783390	109788069
chr12	52025576	52026075	2720	52024636	52026207
chr7	98284290	98284789	11060	98280500	98285264
chr12	6872313	6872812	2514	6872085	6874619
chr20	5008655	5009154	7585	5008243	5008851
chr17	8192081	8192580	4876	8191939	8192829
chr20	9516307	9516806	7598	9514081	9516972
chr3	151382666	151383165	8890	151374429	151385642
chr3	169771683	169772182	8929	169771448	169774502
chr20	844321	844820	7542	844581	846575
chr9	127853583	127854082	12122	127852755	127855376
chr18	13222288	13222787	5564	13216064	13223036
chr8	67063022	67063521	11529	67061047	67065987
chr15	62068383	62068882	3962	62066519	62069066
chr6	35343412	35343911	10325	35342153	35344420
chr4	24793968	24794467	9162	24793655	24794483
chr11	65577393	65577892	2114	65571974	65577808
chr12	131829062	131829561	3123	131827761	131833016
chr9	131277856	131278355	12183	131272327	131278545
chr2	230711252	230711751	7466	230711069	230711592
chr3	151875651	151876150	8891	151873481	151876426
chr16	88857693	88858192	4708	88856030	88858471
chr2	144510366	144510865	7223	144510405	144525192
chr1	32335076	32335575	298	32334056	32337057
chr8	130014620	130015119	11669	130014516	130017507
chr11	69049490	69049989	2192	69048464	69050097
chr10	11163133	11163632	1288	11163595	11171873
chr15	31867762	31868261	3807	31868087	31871474
chr10	11163926	11164425	1288	11163595	11171873
chr19	44844654	44845153	6392	44844264	44845200
chr1	198642245	198642744	1037	198638968	198642659
chr9	89602927	89603426	11945	89603114	89607609
chr9	89602927	89603426	11946	89603114	89607609
chr19	18416374	18416873	6102	18416778	18418327
chr2	219294727	219295226	7440	219294291	219295328
chr1	155193425	155193924	845	155193175	155197554
chr1	155193425	155193924	846	155193175	155197554
chr5	148833079	148833578	9870	148825429	148833589
chr13	112980411	112980910	3360	112978997	112981506
chr10	91796195	91796694	1551	91796265	91797114
chr17	4900819	4901318	4795	4898884	4902402
chr4	85477553	85478052	9300	85474412	85479117
chr1	109396132	109396631	628	109394617	109398978
chr12	122894777	122895276	3093	122893423	122896538
chr2	43637940	43638439	6880	43636761	43638509
chr8	53841180	53841679	11487	53840939	53844020
chr12	7934098	7934597	2529	7933160	7936844
chr12	76347011	76347510	2885	76346823	76349121
chr12	76347011	76347510	2886	76346823	76349121
chr14	59189843	59190342	3551	59187482	59191393
chr7	150378129	150378628	11281	150378205	150380601
chr2	60550222	60550721	6927	60545929	60557759
chr2	60550222	60550721	6928	60545929	60557759
chr2	60550222	60550721	6929	60545929	60557759
chr2	26178911	26179410	6801	26178430	26179518
chr15	50112069	50112568	3920	50107942	50114692
chr8	144685729	144686228	11739	144683877	144686873
chr14	32932977	32933476	3461	32932496	32941015
chr16	2473865	2474364	4243	2473272	2476559
chr5	36611862	36612361	9560	36605726	36613824
chr6	31830776	31831275	10255	31829641	31831366
chr4	89305648	89306147	9326	89305515	89308595
chr2	174326924	174327423	7288	174325690	174327144
chr12	57129808	57130307	2809	57127258	57131091
chr3	183553516	183554015	8966	183553143	183556308
chr10	89333239	89333738	1539	89332073	89334279
chr12	123532045	123532544	3104	123531814	123534838
chr19	38849253	38849752	6283	38847964	38853205
chr19	38849253	38849752	6284	38847964	38853205
chr11	75428136	75428635	2245	75428101	75431571
chr11	75428136	75428635	2246	75428101	75431571
chr4	80202131	80202630	9282	80195608	80203401
chr14	24400297	24400796	3449	24398461	24400612
chr19	1069120	1069619	5713	1066494	1069718
chr1	1001741	1002240	5	998404	1002289
chr1	1001741	1002240	6	998404	1002289
chr6	125957810	125958309	10599	125956287	125958596
chr9	35726830	35727329	11855	35727103	35733543
chr10	102422605	102423104	1639	102417809	102423081
chr17	6555203	6555702	4818	6554440	6557272
chr19	45509168	45509667	6417	45506147	45510049
chr19	35644304	35644803	6212	35643119	35645363
chr6	26205156	26205655	10124	26203737	26207579
chr1	145425387	145425886	716	120176889	148791179
chr1	222817460	222817959	1150	222814366	222817853
chr3	9915014	9915513	8362	9914926	9917555
chr13	99302528	99303027	3327	99302843	99308187
chr1	108561650	108562149	613	108559064	108562258
chr12	26833705	26834204	2607	26829307	26834345
chr12	26833705	26834204	2608	26829307	26834345
chr12	122421331	122421830	3085	122420931	122423980
chr22	17120283	17120782	8018	17116930	17122252
chr7	44040385	44040884	10907	44040389	44041094
chr22	35301488	35301987	8154	35299218	35301795
chr2	43219544	43220043	6878	43218488	43228348
chr5	150081891	150082390	9878	150080620	150088478
chr16	75565028	75565527	4654	75565411	75567779
chr10	12194869	12195368	1294	12194445	12197493
chr12	107775167	107775666	2972	107774783	107776857
chr1	154326143	154326642	827	154324491	154326993
chr6	139133226	139133725	10639	139133444	139134113
chr7	128025901	128026400	11183	128025492	128033608
chr12	11650690	11651189	2559	11648422	11653201
chr11	96338090	96338589	2311	96337485	96343783
chr12	56220543	56221042	2786	56220119	56223008
chr10	22436807	22437306	1331	22436328	22438599
chr16	28507970	28508469	4399	28507885	28508393
chr3	143849712	143850211	8870	143844283	143849911
chr19	17721641	17722140	6077	17718964	17722022
chr19	55116138	55116637	6638	55115669	55118949
chr11	77819236	77819735	2263	77818784	77822106
chr1	145891812	145892311	716	120176889	148791179
chr4	156968472	156968971	9459	156968919	156972761
chr1	154324507	154325006	827	154324491	154326993
chr2	39435125	39435624	6870	39434372	39438888
chr3	125594091	125594590	8783	125591530	125596638
chr12	9731760	9732259	2548	9731280	9733430
chr8	17720329	17720828	11366	17719503	17723996
chr11	73274616	73275115	2220	73271667	73275558
chr16	57537480	57537979	4533	57535662	57537592
chr19	48398649	48399148	6475	48393037	48399110
chr1	121057942	121058441	716	120176889	148791179
chr5	39269291	39269790	9567	39268729	39270718
chr2	128317337	128317836	7196	128314514	128319741
chr2	128317337	128317836	7197	128314514	128319741
chr2	128317337	128317836	7198	128314514	128319741
chr17	59620874	59621373	5282	59617402	59623492
chr10	22710344	22710843	1332	22709798	22715295
chr10	22710344	22710843	1333	22709798	22715295
chr19	6532670	6533169	5843	6529516	6532938
chr19	10334724	10335223	5909	10332271	10335413
chr19	10334724	10335223	5910	10332271	10335413
chr10	28678011	28678510	1354	28676513	28682434
chr17	8164160	8164659	4873	8164335	8164744
chr1	146007119	146007618	716	120176889	148791179
chr19	4456337	4456836	5810	4455515	4458360
chr12	57462155	57463091	2814	57458843	57462851
chr12	57462155	57463091	2815	57458843	57462851
chr7	101814067	101814566	11117	101813856	101818414
chr3	194137430	194137929	9019	194136064	194139588
chr3	194137430	194137929	9020	194136064	194139588
chr19	3699313	3699812	5790	3698525	3700968
chr4	140753262	140753761	9422	140753232	140757547
chr8	33471117	33471616	11437	33471290	33473683
chr7	130072097	130072596	11203	130069773	130073028
chr1	231422082	231422581	1201	231417438	231423412
chr1	205319452	205319951	1079	205319050	205322138
chr9	135958367	135958866	12219	135958838	135962063
chr12	131830277	131830776	3123	131827761	131833016
chr13	100673653	100674152	3334	100673204	100675817
chr3	98764385	98764884	8701	98763154	98765293
chr2	64609214	64609713	6954	64608866	64610193
chr8	28495103	28495602	11423	28492659	28496773
chr1	121528890	121529389	716	120176889	148791179
chr6	3024700	3025199	10028	3022839	3024754
chr12	6891042	6891541	2515	6890707	6891893
chr15	50107592	50108091	3920	50107942	50114692
chr10	101840595	101841576	1627	101839148	101844416
chr1	245156363	245156862	1243	245153079	245158215
chr1	245156363	245156862	1244	245153079	245158215
chr3	152205249	152205748	8892	152202599	152205776
chr15	22974721	22975220	3785	22981323	22974293
chr22	38180888	38181387	8193	38180890	38182323
chr21	38809107	38809606	7948	38804827	38809110
chr22	45285618	45286117	8293	45284522	45285662
chr2	230218349	230218848	7461	230217867	230220650
chr19	11481926	11482425	5945	11478453	11483087
chr13	106533981	106534480	3340	106529844	106536690
chr13	106533981	106534480	3341	106529844	106536690
chr15	75577859	75578358	4052	75576819	75580183
chr2	231123410	231123909	7473	231123182	231125110
chr4	75512629	75513128	9262	75512815	75515536
chr19	48644698	48645197	6484	48643647	48647301
chr1	66335910	66336409	516	66331606	66336107
chr5	141432139	141432638	9848	141430550	141432649
chrX	53319554	53320053	12428	53316865	53321859
chr11	59207890	59208389	1993	59207779	59213063
chr3	50246101	50246600	8580	50245813	50246624
chr6	30614798	30615297	10208	30614079	30618734
chr19	13096195	13096694	5999	13095010	13103780
chrX	18674767	18675266	12323	18674025	18675859
chr3	187738798	187739297	9007	187737284	187747302
chrX	74922895	74923394	12494	74922917	74926227
chr1	33180683	33181182	309	33179819	33182586
chr20	41339908	41340407	7745	41339936	41341192
chr19	48812180	48812679	6492	48809831	48812834
chr17	51258686	51259185	5250	51258560	51262807
chr19	15333853	15334352	6038	15330560	15334514
chr11	10295164	10295663	1850	10292855	10295429
chr19	49515804	49516303	6517	49512394	49515871
chr1	112716201	112716700	667	112714013	112716490
chr8	57996922	57997421	11501	57993962	57997936
chr22	50252048	50252547	8321	50250424	50252215
chr6	136783811	136784310	10628	136783908	136786203
chr12	7933151	7933650	2529	7933160	7936844
chr3	151377794	151378293	8890	151374429	151385642
chrX	149503420	149503919	12639	149503686	149505767
chrX	149503420	149503919	12640	149503686	149505767
chr1	207823824	207824323	1101	207818664	207824457
chr3	122057608	122058107	8764	122054946	122058504
chr2	73987396	73987895	7013	73987257	73988218
chr4	3372782	3373281	9105	3369674	3374562
chr18	77013653	77014152	5680	77004183	77017816
chr18	77013653	77014152	5681	77004183	77017816
chr4	985049	985548	9071	984934	985384
chr1	61077852	61078351	499	61076381	61079079
chr16	17467899	17468398	4337	17465725	17471532
chr12	119180659	119181158	3041	119178533	119181497
chrX	49071841	49072340	12408	49072011	49074488
chr8	26579413	26580336	11414	26575712	26584041
chr8	26579413	26580336	11415	26575712	26584041
chr18	3605965	3606464	5532	3604415	3606374
chr20	3765178	3765677	7570	3765547	3768972
chr20	3765178	3765677	7571	3765547	3768972
chr1	241532847	241533346	1230	241531198	241533508
chr16	50267602	50268101	4499	50266216	50268483
chr3	125054729	125055228	8780	125054230	125056812
chr16	58628841	58629340	4545	58628137	58631484
chr17	76584904	76585403	5420	76584769	76586417
chr1	22709688	22710187	179	22709686	22713172
chr4	87979123	87979622	9312	87975254	87979480
chr12	121581948	121582447	3068	121577894	121582688
chr17	7214845	7215344	4827	7213148	7218396
chr17	7214845	7215344	4828	7213148	7218396
chr11	64359973	64360472	2078	64358517	64361246
chr3	126355748	126356247	8786	126355393	126358131
chr19	11963839	11964338	5957	11963933	11964373
chr9	69012624	69013123	11891	69012614	69013430
chr13	24274374	24274873	3164	24270212	24274417
chr12	50505907	50506406	2703	50504429	50508594
chr3	39272156	39272655	8463	39270976	39282473
chr13	106536358	106536857	3340	106529844	106536690
chr13	106536358	106536857	3341	106529844	106536690
chr17	45427989	45428488	5184	45428486	45430247
chr10	70482062	70482561	1460	70477914	70483503
chr12	13101065	13101564	2575	13100741	13101868
chr14	76961869	76962368	3655	76961350	76962365
chr7	74210831	74211330	10994	74209240	74213224
chrX	40095904	40096403	12352	40093975	40099638
chr1	26864944	26865443	237	26864190	26866091
chr1	26864944	26865443	238	26864190	26866091
chr19	48875139	48875638	6494	48871962	48876155
chr7	73324069	73324568	10979	73324066	73324817
chr5	9544393	9544892	9529	9542903	9547755
chr19	7515802	7516301	5856	7515578	7517357
chr12	130870873	130871372	3120	130870711	130873333
chr17	3964989	3965488	4779	3963315	3965305
chr6	31493696	31494195	10232	31493755	31496552
chr12	57248971	57249470	2811	57248693	57249302
chr14	73712423	73713342	3619	73710588	73714989
chr16	11257168	11257667	4312	11254790	11257565
chr10	70405410	70405909	1459	70403714	70406312
chr12	108563437	108563936	2975	108559851	108564216
chr2	201232156	201232655	7364	201232091	201232382
chr1	158998610	158999109	891	158998707	159001042
chr1	45802710	45803209	436	45802966	45805160
chr6	163415550	163416049	10711	163411882	163430090
chr6	163415550	163416049	10712	163411882	163430090
chr6	163415550	163416049	10713	163411882	163430090
chr1	148528571	148529070	716	120176889	148791179
chr3	39273011	39273510	8463	39270976	39282473
chr14	75280866	75281365	3643	75276784	75281812
chr19	41957723	41958222	6340	41958037	41959830
chr2	101152727	101153226	7118	101149835	101152835
chr5	39217755	39218254	9566	39216984	39219768
chr8	42339675	42340174	11472	42337707	42340279
chr11	67268255	67268754	2158	67265942	67271122
chr12	52024755	52025254	2720	52024636	52026207
chr12	48996671	48997170	2680	48996684	49000612
chr10	6204307	6204806	1281	6200559	6206100
chr1	78651194	78651693	545	78649562	78652000
chr4	38780788	38781287	9185	38780681	38783130
chr3	151330303	151330802	8888	151325206	151330711
chr3	151327512	151328011	8888	151325206	151330711
chr19	1240087	1240586	5720	1239824	1240913
chr1	148048778	148049277	716	120176889	148791179
chr13	41017108	41017607	3218	41017069	41019634
chr4	87973518	87974017	9311	87972971	87973877
chr16	3100048	3100547	4262	3099884	3100783
chr1	32200971	32201470	292	32199586	32201939
chr1	32200971	32201470	293	32199586	32201939
chr1	109392000	109392499	627	109392300	109393783
chr6	32148601	32149100	10267	32148102	32155458
chr6	32148601	32149100	10268	32148102	32155458
chr10	95757890	95758389	1577	95755402	95758089
chr5	88875591	88876090	9686	88872262	88885482
chr7	137935278	137936254	11228	137934303	137936247
chr11	59753930	59754429	1997	59753917	59757066
chr19	49443613	49444112	6510	49436503	49443978
chr6	32845439	32845938	10281	32843191	32845923
chr11	65427295	65427794	2109	65421043	65427697
chr13	29847651	29848150	3185	29845472	29850988
chr13	29847651	29848150	3186	29845472	29850988
chr13	29847651	29848150	3187	29845472	29850988
chr1	12619750	12620249	119	12614102	12620285
chr2	74414771	74415270	7018	74414557	74416261
chr4	105471512	105472011	9358	105471467	105474485
chr10	96266290	96266789	1582	96266640	96273495
chr6	134178393	134178892	10617	134168710	134178955
chr6	134178393	134178892	10618	134168710	134178955
chr3	183698794	183699293	8968	183697280	183701034
chr19	17947653	17948152	6084	17947298	17949360
chr1	143697990	143698864	716	120176889	148791179
chr4	89898263	89898762	9328	89894736	89899039
chr6	107116236	107116735	10530	107113756	107116779
chr11	1948415	1948914	1788	1946584	1948749
chr15	22979115	22979614	3785	22981323	22974293
chr15	22974053	22974552	3785	22981323	22974293
chr22	37561657	37562156	8176	37559684	37564807
chr11	69636397	69636896	2194	69636228	69644207
chr16	66606055	66606554	4553	66603568	66606698
chr8	144429213	144429712	11730	144426910	144429974
chr1	110084554	110085053	643	110083318	110085213
chr1	39408632	39409131	360	39408021	39410275
chr1	245152976	245153943	1243	245153079	245158215
chr1	245152976	245153943	1244	245153079	245158215
chr5	72556798	72557297	9640	72556292	72557275
chr12	6550921	6551420	2497	6551086	6556698
chr12	6550921	6551420	2498	6551086	6556698
chr14	23180093	23180592	3415	23179478	23184068
chr19	51796040	51796539	6569	51795943	51796874
chr8	133568844	133569343	11676	133569036	133575091
chr5	42994811	42995310	9578	42991291	42995702
chr9	129610409	129610908	12166	129609699	129611413
chr14	100068417	100068916	3729	100065050	100069738
chr4	1011288	1011787	9075	1010897	1012726
chr6	42453532	42454031	10374	42448589	42454308
chr6	42453532	42454031	10375	42448589	42454308
chr8	17720885	17721384	11366	17719503	17723996
chr2	85326573	85327072	7042	85325174	85328930
chr12	10162470	10162969	2552	10160096	10172697
chr10	101062479	101062978	1619	101062499	101063062
chr6	81812333	81812832	10479	81812271	81813024
chr11	73273183	73273682	2220	73271667	73275558
chr8	143952587	143953086	11714	143950985	143954250
chr17	82030381	82030880	5492	82030520	82032697
chr11	67270129	67270628	2158	67265942	67271122
chr6	27895443	27895942	10164	27890192	27896352
chr5	9547410	9547909	9529	9542903	9547755
chr1	9067160	9067659	77	9065724	9069783
chr6	29976439	29976938	10196	29976248	29977639
chr22	50241034	50241533	8320	50241069	50246079
chr9	68975593	68976092	11890	68972797	68976175
chr7	150569433	150569932	11286	150566840	150570263
chr3	58335105	58335604	8648	58332311	58335909
chr3	58335105	58335604	8649	58332311	58335909
chr2	201183761	201184260	7363	201182464	201185293
chr1	121362397	121362896	716	120176889	148791179
chr1	19645875	19646817	157	19643226	19646579
chr3	45225046	45225545	8501	45223227	45226806
chr3	45225046	45225545	8502	45223227	45226806
chr3	51975828	51976327	8604	51973299	51976732
chr3	51975828	51976327	8605	51973299	51976732
chr13	41463208	41463707	3224	41456753	41463466
chr13	41463208	41463707	3225	41456753	41463466
chr2	108591182	108591681	7134	108588224	108591617
chr1	72281082	72281581	530	72277991	72285914
chr7	73717886	73718385	10987	73716732	73720181
chr6	46130594	46131093	10417	46128760	46131107
chr1	120414751	120415250	716	120176889	148791179
chr8	144478900	144479399	11734	144477349	144479625
chr8	144478900	144479399	11735	144477349	144479625
chr15	41661667	41662166	3868	41659699	41662579
chr7	150568663	150569162	11286	150566840	150570263
chr8	37798563	37799062	11445	37796014	37799176
chr8	37798563	37799062	11446	37796014	37799176
chr8	37798563	37799062	11447	37796014	37799176
chr2	142879056	142879555	7220	142877425	142879672
chr11	63917703	63918202	2057	63915210	63918396
chr17	29138868	29139367	4985	29138646	29141882
chr3	152202914	152203413	8892	152202599	152205776
chr9	68974905	68975404	11890	68972797	68976175
chr17	82315730	82316229	5501	82314484	82316466
chr17	32491937	32492436	5022	32485983	32491960
chr1	120356102	120356601	716	120176889	148791179
chr12	50928313	50928812	2706	50923500	50929842
chr10	119532756	119533255	1701	119532238	119544273
chr10	6201432	6201931	1281	6200559	6206100
chr19	3479062	3479561	5781	3478807	3479303
chr20	50929292	50929791	7806	50928991	50932261
chr5	43037807	43038306	9580	43036802	43043709
chr12	109879247	109879746	2988	109877220	109881120
chr11	95069619	95070118	2304	95066534	95070055
chr19	49017890	49018389	6501	49017648	49020076
chr19	49017890	49018389	6502	49017648	49020076
chr18	79393652	79394151	5684	79393498	79396880
chr18	79393652	79394151	5685	79393498	79396880
chr9	35616962	35617461	11850	35616923	35617469
chr10	97400002	97400501	1589	97399942	97401709
chr19	3360978	3361477	5779	3357895	3362349
chr4	38523809	38524308	9183	38523859	38524495
chr6	45419470	45419969	10416	45419279	45425578
chr11	124920728	124921227	2426	124920770	124921654
chr1	148160252	148160751	716	120176889	148791179
chrX	53317407	53317906	12428	53316865	53321859
chr12	118357409	118357908	3038	118357258	118359745
chr1	148160851	148161350	716	120176889	148791179
chr19	18194693	18195192	6091	18191803	18195109
chr19	18194693	18195192	6092	18191803	18195109
chr6	134176257	134176756	10617	134168710	134178955
chr6	134176257	134176756	10618	134168710	134178955
chr16	66406399	66406898	4548	66406543	66407396
chr2	55136992	55137491	6916	55136550	55137871
chr4	39027371	39027870	9189	39027651	39032512
chr4	39027371	39027870	9190	39027651	39032512
chr11	65899158	65899657	2127	65899038	65901035
chr2	127415784	127416283	7185	127415696	127416792
chr11	1574581	1575080	1782	1568168	1575347
chr1	121221704	121222203	716	120176889	148791179
chr19	982643	983142	5708	982412	983092
chr5	40842369	40842868	9573	40840910	40842600
chr1	146472309	146472808	716	120176889	148791179
chr11	70399714	70400213	2198	70397229	70400428
chr13	48412904	48413403	3257	48405398	48413795
chr12	113404229	113404728	3024	113401794	113404417
chr6	33312654	33313153	10301	33311905	33315201
chr11	69643232	69643731	2194	69636228	69644207
chr1	155206803	155207302	847	155206797	155209861
chr1	121384740	121385239	716	120176889	148791179
chr16	67536713	67537212	4577	67536991	67538711
chr6	154352872	154353371	10684	154352484	154357482
chr19	14075023	14075522	6013	14071770	14075691
chr18	70295574	70296073	5668	70287068	70300348
chr3	48684459	48684958	8540	48683541	48686472
chr19	51690628	51691127	6567	51687446	51692985
chr2	224945113	224945612	7453	224943793	224947258
chr19	18388350	18388849	6100	18388042	18388978
chr19	13094939	13095438	5999	13095010	13103780
chr6	27894269	27894768	10164	27890192	27896352
chr12	71684002	71684501	2874	71684140	71684594
chr6	35919725	35920224	10332	35918170	35922079
chr10	79071024	79071523	1507	79066340	79071933
chr1	145977430	145977929	716	120176889	148791179
chr15	89378758	89379257	4118	89377315	89380005
chr8	11464600	11465099	11349	11464600	11467927
chr10	63265036	63265535	1433	63264354	63269610
chr4	163610607	163611106	9468	163607603	163613755
chr1	84145050	84145549	546	84144182	84146527
chr19	48752458	48752957	6491	48752264	48754502
chr9	129173957	129174456	12160	129173930	129178740
chr12	47307688	47308187	2657	47306869	47308017
chr1	93447089	93447588	586	93446937	93449943
chr13	30737933	30738432	3193	30735028	30738253
chr2	219541731	219542230	7443	219541714	219545805
chr17	49676166	49676665	5226	49676002	49678662
chr19	47310777	47311276	6454	47309428	47311467
chrX	154459054	154459553	12680	154457479	154459976
chr2	230867178	230867677	7468	230864232	230869275
chr2	230867178	230867677	7469	230864232	230869275
chr2	230867178	230867677	7470	230864232	230869275
chr1	61079811	61080310	500	61079854	61080450
chr3	185825723	185826222	8992	185822939	185826464
chr3	185825723	185826222	8993	185822939	185826464
chr1	150255826	150256325	759	150255446	150260133
chr2	233064049	233064548	7485	233059673	233064509
chr6	136784464	136784963	10628	136783908	136786203
chr3	18443817	18444316	8408	18440322	18447555
chr12	12786757	12787256	2569	12786414	12787814
chr17	8745856	8746355	4885	8744985	8746701
chr17	980886	981385	4738	978059	981240
chr12	6626616	6627115	2501	6624060	6636818
chr9	88076374	88076873	11939	88075872	88077209
chr12	1661546	1662045	2472	1661378	1662469
chr6	46128392	46128891	10417	46128760	46131107
chr1	143831545	143832044	716	120176889	148791179
chr3	133041165	133041664	8832	133037651	133042422
chr3	122058159	122058658	8764	122054946	122058504
chr19	35124384	35124883	6205	35123975	35125108
chr11	107563636	107564135	2327	107563345	107566310
chr1	40396366	40396865	375	40396727	40397536
chr6	32894478	32894977	10283	32893569	32895906
chr1	159012467	159012966	892	159008942	159015447
chr17	1179781	1180738	4741	1176969	1182411
chr1	120972860	120973359	716	120176889	148791179
chr10	92240459	92240958	1555	92236151	92243756
chr10	92240459	92240958	1556	92236151	92243756
chr1	120558599	120559098	716	120176889	148791179
chr3	151338594	151339093	8889	151335448	151341684
chr3	50615880	50616379	8593	50616097	50618871
chr2	64865462	64865961	6956	64864379	64866038
chr14	67820488	67820987	3591	67818993	67820742
chr1	147635291	147635790	716	120176889	148791179
chr10	63267652	63268151	1433	63264354	63269610
chr12	4276841	4277340	2483	4268443	4277452
chr11	34359198	34359697	1919	34355720	34359646
chr5	68187464	68187963	9625	68187331	68188359
chr3	50300166	50300665	8583	50298049	50300775
chr20	19888327	19888826	7623	19886139	19890313
chr4	7101931	7102430	9130	7101915	7104099
chr3	151337726	151338225	8889	151335448	151341684
chrX	40099000	40099499	12352	40093975	40099638
chr17	58324242	58324741	5267	58323710	58333400
chr17	58324242	58324741	5268	58323710	58333400
chr12	121793453	121793952	3071	121792550	121794442
chr2	8676449	8676948	6734	8676463	8680039
chr6	36984768	36985267	10345	36984160	36987344
chr1	66333793	66334292	516	66331606	66336107
chr2	160491707	160492206	7253	160491709	160494782
chr2	199463319	199463818	7349	199451664	199465292
chr10	7667527	7668026	1284	7665959	7668063
chr1	143748802	143749301	716	120176889	148791179
chr19	35702237	35702736	6214	35701959	35703197
chr19	41226061	41226560	6325	41225842	41226905
chr22	37606981	37607480	8177	37607100	37610152
chr18	70299290	70299789	5668	70287068	70300348
chrX	19990936	19991435	12327	19989855	19991696
chr3	42980877	42981376	8481	42978906	42981042
chr6	28940823	28941322	10183	28939671	28942371
chr12	56628911	56629410	2798	56628311	56630740
chr3	51538439	51538938	8599	51537904	51540052
chr15	33066606	33067105	3811	33065785	33068812
chr12	122423421	122423920	3085	122420931	122423980
chr1	121421386	121421885	716	120176889	148791179
chr1	207821014	207821513	1101	207818664	207824457
chr1	24930141	24930640	206	24928547	24930859
chr6	12292271	12292770	10068	12289532	12292487
chr6	89413031	89413530	10502	89410049	89413526
chr7	5531789	5532288	10778	5527064	5533127
chr7	5531789	5532288	10779	5527064	5533127
chr11	63767360	63767859	2053	63767026	63770306
chr7	2525626	2526125	10759	2525753	2526692
chr9	134325827	134326326	12214	134325001	134329866
chr12	13098006	13098505	2574	13097378	13098443
chr1	143804089	143804588	716	120176889	148791179
chr1	208239023	208239522	1102	208239458	208245810
chr15	51092601	51093100	3926	51092950	51095721
chr6	33621023	33621522	10309	33619978	33621748
chr21	16195453	16195952	7885	16193936	16197561
chr5	139651795	139652294	9825	139646991	139653330
chr5	139651795	139652294	9826	139646991	139653330
chr5	139651795	139652294	9827	139646991	139653330
chr1	44786064	44786563	418	44786059	44786738
chr1	226732752	226733251	1172	226732640	226739835
chr1	226732752	226733251	1173	226732640	226739835
chr1	155176550	155177049	844	155172429	155176866
chr1	121224545	121225044	716	120176889	148791179
chr10	15035217	15035716	1307	15034805	15035791
chr13	48410169	48410668	3257	48405398	48413795
chr12	48864398	48864897	2675	48862066	48866407
chr12	48864398	48864897	2676	48862066	48866407
chr11	111938769	111939268	2348	111936506	111938903
chr1	145093511	145094010	716	120176889	148791179
chr12	6554034	6554533	2497	6551086	6556698
chr12	6554034	6554533	2498	6551086	6556698
chr11	63610486	63610985	2049	63609350	63615096
chr11	63610486	63610985	2050	63609350	63615096
chr3	186360736	186361235	8996	186359666	186362811
chr12	77833264	77833763	2890	77830388	77838617
chr1	143709535	143710034	716	120176889	148791179
chr12	55996044	55996543	2776	55996296	55998169
chr19	35644946	35645445	6212	35643119	35645363
chr1	159014120	159014619	892	159008942	159015447
chr4	3370993	3371492	9105	3369674	3374562
chr2	73983287	73983786	7012	73983266	73986271
chr1	146037789	146038288	716	120176889	148791179
chr6	12289303	12289802	10068	12289532	12292487
chr16	10817198	10817697	4307	10817300	10819256
chr10	89302596	89303095	1537	89301311	89304544
chr19	18894872	18895371	6116	18893614	18897231
chr1	121073822	121074321	716	120176889	148791179
chr13	46184355	46184854	3246	46184287	46184569
chr10	101059885	101060384	1618	101060158	101062000
chr5	88872865	88873364	9686	88872262	88885482
chr1	150255283	150255782	759	150255446	150260133
chr17	8117338	8117837	4865	8117480	8127424
chr17	8117338	8117837	4866	8117480	8127424
chr17	8117338	8117837	4867	8117480	8127424
chr17	8117338	8117837	4868	8117480	8127424
chr17	8117338	8117837	4869	8117480	8127424
chr1	145156879	145157378	716	120176889	148791179
chr19	2474480	2474979	5759	2474557	2479467
chr19	2474480	2474979	5760	2474557	2479467
chr12	6825513	6826012	2510	6820734	6825876
chr12	32535185	32535684	2632	32534163	32536000
chr14	76810997	76811496	3654	76810693	76813223
chrX	38805680	38806179	12351	38801008	38807653
chr1	28174652	28175151	260	28173014	28177456
chr4	38802994	38803493	9186	38802194	38806117
chr7	116029772	116030271	11161	116027489	116031147
chr1	121458586	121459085	716	120176889	148791179
chr6	149864876	149865375	10674	149862187	149865524
chr19	11293687	11294186	5936	11293679	11294340
chr7	74656412	74656911	10998	74655480	74659287
chr7	139831045	139831544	11240	139828908	139831922
chr1	84620848	84621347	552	84620264	84621323
chr4	40198241	40198740	9204	40196713	40199035
chr11	10566153	10566652	1856	10565850	10568998
chr1	56578334	56578833	493	56574393	56580011
chr12	27021315	27021814	2611	27021439	27023796
chr12	27021315	27021814	2612	27021439	27023796
chr4	163608538	163609037	9468	163607603	163613755
chr19	44903534	44904033	6396	44903899	44904576
chr19	4910920	4911419	5822	4909297	4912274
chr3	16886080	16886579	8405	16883660	16887636
chr2	174632685	174633184	7291	174632469	174635091
chr14	105421855	105422354	3780	105418916	105422328
chrX	155611248	155611747	12692	155611392	155613452
chr6	159694191	159694690	10703	159691199	159694503
chr20	4013885	4014384	7577	4012749	4016245
chr11	119361280	119361779	2403	119360938	119365543
chr11	119361280	119361779	2404	119360938	119365543
chr11	119361280	119361779	2405	119360938	119365543
chr21	16197142	16197641	7885	16193936	16197561
chr7	5532808	5533307	10778	5527064	5533127
chr7	5532808	5533307	10779	5527064	5533127
chr17	1268023	1268522	4744	1267710	1269129
chr19	11923554	11924053	5956	11923777	11926279
chr10	91627805	91628304	1550	91628050	91633872
chr20	380848	381347	7536	380093	382575
chr11	65355417	65355916	2105	65353833	65356245
chr11	65355417	65355916	2106	65353833	65356245
chr19	4911699	4912198	5822	4909297	4912274
chr1	41360874	41361373	387	41360771	41365448
chr11	118610903	118611402	2384	118607468	118611598
chr2	11744056	11744555	6759	11744305	11744724
chr1	28172526	28173025	260	28173014	28177456
chr9	76693862	76694361	11913	76694124	76694500
chr1	121423860	121424359	716	120176889	148791179
chr19	42285479	42285978	6350	42282743	42285892
chr13	67224153	67224652	3291	67220878	67231945
chr2	54559588	54560087	6909	54557553	54560846
chr2	201069234	201069733	7360	201069168	201072782
chr2	201069234	201069733	7361	201069168	201072782
chr6	30678927	30679426	10212	30679120	30688199
chr1	147640697	147641196	716	120176889	148791179
chr3	51956335	51956834	8603	51955083	51957784
chr13	48409471	48409970	3257	48405398	48413795
chr12	32504103	32504602	2631	32501725	32506287
chr3	114383737	114384236	8740	114383895	114384858
chrX	41449504	41450003	12362	41449283	41450099
chr11	17354431	17354930	1878	17351251	17354881
chr7	74212609	74213108	10994	74209240	74213224
chr21	14541903	14542402	7881	14541513	14546908
chr8	16191410	16191909	11358	16191140	16193095
chr10	13704843	13705342	1300	13703024	13708374
chr21	14542597	14543096	7881	14541513	14546908
chr7	116027742	116028241	11161	116027489	116031147
chr8	135465757	135466256	11678	135456534	135466144
chr6	33633599	33634098	10310	33633279	33634329
chr7	137934387	137934886	11228	137934303	137936247
chrX	150899395	150899894	12647	150897241	150899933
chr6	159691104	159691603	10703	159691199	159694503
chr9	107465509	107466008	12015	107465448	107466546
chr8	144685015	144685514	11739	144683877	144686873
chr3	133927441	133927940	8838	133927146	133928108
chr6	144054495	144054994	10652	144054919	144055448
chr2	68737628	68738127	6972	68734519	68738316
chr12	123390953	123391452	3101	123387999	123391020
chr8	13131806	13132305	11357	13129968	13134236
chr11	65315498	65315997	2103	65313256	65317649
chr21	34882633	34883132	7931	34881988	34891801
chr21	35048121	35048620	7932	35046597	35049841
chr22	22297886	22298385	8068	22297130	22298809
chr1	144077216	144077715	716	120176889	148791179
chr16	57800285	57800784	4539	57800534	57803968
chr12	77837742	77838241	2890	77830388	77838617
chr5	142109935	142110434	9859	142108242	142111721
chr3	50673835	50674334	8594	50674231	50677358
chr9	68973592	68974091	11890	68972797	68976175
chr1	121361405	121361904	716	120176889	148791179
chr1	147084696	147085195	716	120176889	148791179
chr1	147084696	147085195	731	147084049	147085590
chr1	121365676	121366175	716	120176889	148791179
chrX	1274735	1275234	12272	1268490	1275492
chr13	74134226	74134725	3296	74131993	74136696
chr20	36462626	36463125	7716	36460619	36463974
chr11	3809086	3809585	1808	3807821	3809163
chr1	183807365	183807864	1014	183804569	183807725
chr2	70977299	70977798	6991	70976857	70977646
chr19	48510451	48510950	6479	48509491	48514465
chr6	30102978	30103477	10200	30103085	30103885
chr1	143804723	143805222	716	120176889	148791179
chr19	9914605	9915104	5899	9911648	9915023
chr1	121263802	121264301	716	120176889	148791179
chr12	55743937	55744436	2768	55742574	55746287
chrX	103554715	103555214	12542	103554243	103555484
chr1	148057311	148057810	716	120176889	148791179
chr5	42810523	42811022	9577	42808087	42812402
chr1	147494913	147495412	716	120176889	148791179
chr1	144103441	144103940	716	120176889	148791179
chr1	147634605	147635104	716	120176889	148791179
chr1	144883061	144883560	716	120176889	148791179
chr21	38767083	38767582	7947	38767027	38767681
chr7	101363857	101364356	11116	101362317	101364535
chr10	46284380	46284879	1400	46284258	46285606
chr10	75294853	75295352	1499	75294507	75295947
chr2	219254828	219255327	7437	219251882	219254970
chr2	219254828	219255327	7438	219251882	219254970
chr11	67240840	67241339	2157	67239470	67242551
chr21	14543925	14544424	7881	14541513	14546908
chr1	121271215	121271714	716	120176889	148791179
chr1	146039123	146039622	716	120176889	148791179
chr1	145058068	145058567	716	120176889	148791179
chr1	121558501	121559000	716	120176889	148791179
chr16	85610440	85610939	4686	85610754	85614982
chr1	61254220	61254719	502	61254685	61255651
chr5	154682735	154683234	9901	154682139	154683838
chr12	15547612	15548111	2582	15546284	15548570
chr19	8050469	8050968	5870	8050112	8051241
chr19	8050469	8050968	5871	8050112	8051241
chr1	146035431	146035930	716	120176889	148791179
chr1	9689255	9689754	86	9688632	9691013
chr17	50200444	50200943	5233	50200480	50201010
chr17	73191413	73191912	5358	73191592	73194192
chr7	97027066	97027565	11055	97026215	97027932
chr1	147651366	147651865	716	120176889	148791179
chr3	48661583	48662082	8539	48661239	48664489
chr4	81472747	81473246	9283	81469702	81472944
chr1	148060811	148061310	716	120176889	148791179
chr18	55477435	55477934	5640	55477245	55478313
chr13	52850602	52851101	3288	52849800	52852041
chr5	157857697	157858196	9914	157857570	157859678
chr11	18246257	18246756	1881	18246247	18246809
chr1	183804371	183804870	1014	183804569	183807725
chr1	144913938	144914437	716	120176889	148791179
chr3	71131982	71132481	8677	71127695	71132417
chr3	71131982	71132481	8678	71127695	71132417
chr6	30915441	30915940	10220	30915551	30916363
chr15	64044255	64044754	3971	64044460	64046981
chr1	84146345	84146844	546	84144182	84146527
chr3	11155319	11155818	8374	11153981	11156896
chr11	94769142	94769641	2302	94767741	94770675
chr1	147699886	147700385	716	120176889	148791179
chr12	1692931	1693430	2473	1690244	1693597
chr1	120388751	120389250	716	120176889	148791179
chr1	148307518	148308017	716	120176889	148791179
chr3	46558265	46558764	8511	46558449	46559077
chr2	11129776	11130275	6753	11129732	11130303
chr12	57339992	57340491	2812	57339802	57342836
chr2	47785940	47786439	6899	47785809	47786288
chr1	147890136	147890635	716	120176889	148791179
chr1	121346680	121347179	716	120176889	148791179
chr19	49055964	49056463	6503	49056025	49058098
chr21	41680755	41681254	7964	41680670	41681783
chr1	120273315	120273814	716	120176889	148791179
chr6	138498139	138498638	10634	138497729	138499806
chr7	5494569	5495068	10776	5494730	5496146
chr1	121547061	121547560	716	120176889	148791179
chr1	148371403	148371902	716	120176889	148791179
chr5	154714530	154715029	9902	154714389	154715190
chrX	134172616	134173115	12611	134171481	134174209
chr1	146989415	146989914	716	120176889	148791179
chr1	121455135	121455634	716	120176889	148791179
chr1	120557523	120558022	716	120176889	148791179
chr6	24908321	24908820	10106	24907746	24912185
chr6	24908321	24908820	10107	24907746	24912185
chr18	55420418	55420917	5639	55420235	55421051
chr17	50273066	50273565	5234	50272769	50273524
chr21	35046749	35047248	7932	35046597	35049841
chr12	3753478	3753977	2481	3752240	3753653
chr3	195889747	195890246	9032	195888106	195896970
chr1	144046101	144046600	716	120176889	148791179
chr3	41200594	41201093	8472	41198459	41202200
chr10	92830930	92831429	1562	92831037	92831570
chr8	57747966	57748465	11500	57748022	57748780
chr1	144102373	144102872	716	120176889	148791179
chr9	69175013	69175512	11893	69173460	69176228
chr5	72818895	72819394	9641	72815490	72819252
chr10	62050982	62051481	1428	62048969	62051653
chr13	52127679	52128178	3280	52127909	52129506
chr1	143665549	143666048	716	120176889	148791179
chr1	147892629	147893128	716	120176889	148791179
chr20	32485150	32485649	7668	32481186	32485354
chr10	14601868	14602367	1302	14601436	14605210
chr6	27762231	27762730	10154	27761363	27763159
chr11	76208686	76209185	2251	76206180	76211047
chrX	1535509	1536008	12277	1535369	1535889
chr13	74132703	74133202	3296	74131993	74136696
chr19	40529044	40529543	6314	40529102	40532601
chr6	77650272	77650771	10470	77649862	77650661
chr11	76207495	76207994	2251	76206180	76211047
chr1	147627419	147627918	716	120176889	148791179
chr6	134168325	134168824	10617	134168710	134178955
chr6	134168325	134168824	10618	134168710	134178955
chr1	120257646	120258145	716	120176889	148791179
chr4	86356738	86357237	9302	86355335	86360897
chr4	86356738	86357237	9303	86355335	86360897
chr10	21494558	21495057	1323	21493938	21497715
chr1	145576877	145577376	716	120176889	148791179
chr1	147072642	147073141	716	120176889	148791179
chr10	92420059	92420558	1558	92419887	92421222
chr6	134538815	134539314	10620	134538718	134540325
chr13	46893987	46894486	3251	46892448	46898257
chr1	143625860	143626359	716	120176889	148791179
chr1	120664804	120665303	716	120176889	148791179
chr6	13013605	13014104	10070	13012991	13016074
chr20	36154281	36154780	7714	36154018	36157260
chr3	115097363	115097862	8742	115097509	115101030
chr1	147389851	147390350	716	120176889	148791179
chr3	53496981	53497480	8631	53493291	53497740
chr3	53496981	53497480	8632	53493291	53497740
chr17	6069825	6070650	4816	6068717	6072986
chr1	120624569	120625068	716	120176889	148791179
chr1	148302567	148303066	716	120176889	148791179
chr1	147389019	147389518	716	120176889	148791179
chr1	120233157	120233656	716	120176889	148791179
chr1	125123954	125124453	716	120176889	148791179
chr1	125108769	125109268	716	120176889	148791179
chr1	125128404	125128903	716	120176889	148791179
chr1	125113981	125114480	716	120176889	148791179
chr1	125064212	125064711	716	120176889	148791179
chr1	125123146	125123645	716	120176889	148791179
chr1	125096282	125096781	716	120176889	148791179
chr1	125092724	125093223	716	120176889	148791179
chr1	125066310	125066809	716	120176889	148791179
chr1	125117833	125118332	716	120176889	148791179
chr1	124967410	124967909	716	120176889	148791179
chr1	125007938	125008437	716	120176889	148791179
chr1	120544395	120544894	716	120176889	148791179
